Algorithm,Time Taken,Best Tour,Best Cost,Num Nodes,Edge Percentage,Num Edges,Adjacency List
tsp_brute_force,0.0,"[0, 3, 2, 1, 0]",292,4,9.0,12,"[(0, 1, 64), (0, 2, 75), (0, 3, 100), (1, 0, 64), (1, 2, 66), (1, 3, 83), (2, 0, 90), (2, 1, 66), (2, 3, 92), (3, 0, 100), (3, 1, 83), (3, 2, 62)]"
tsp_brute_force,0.0,"[0, 1, 2, 3, 0]",74,4,9.0,12,"[(0, 1, 34), (0, 2, 24), (0, 3, 87), (1, 0, 34), (1, 2, 16), (1, 3, 54), (2, 0, 24), (2, 1, 16), (2, 3, 6), (3, 0, 18), (3, 1, 54), (3, 2, 6)]"
tsp_brute_force,0.0,,inf,3,2.6666666666666665,4,"[(0, 1, 14), (1, 0, 14), (1, 2, 99), (2, 1, 99)]"
tsp_brute_force,0.0,,inf,3,2.6666666666666665,4,"[(0, 2, 54), (1, 2, 6), (2, 0, 54), (2, 1, 6)]"
tsp_brute_force,0.0,"[0, 1, 2, 0]",152,3,4.0,6,"[(0, 1, 10), (0, 2, 49), (1, 0, 20), (1, 2, 93), (2, 0, 49), (2, 1, 93)]"
tsp_brute_force,0.0,,inf,3,2.6666666666666665,4,"[(0, 2, 67), (1, 2, 97), (2, 0, 67), (2, 1, 3)]"
tsp_brute_force,0.0,,inf,3,2.6666666666666665,4,"[(0, 2, 29), (1, 2, 36), (2, 0, 29), (2, 1, 36)]"
tsp_brute_force,0.0,"[0, 1, 2, 0]",161,3,4.0,6,"[(0, 1, 14), (0, 2, 75), (1, 0, 14), (1, 2, 88), (2, 0, 59), (2, 1, 88)]"
tsp_brute_force,0.0,,inf,3,2.6666666666666665,4,"[(0, 1, 12), (1, 2, 13), (1, 0, 12), (2, 1, 13)]"
tsp_brute_force,0.0,"[0, 1, 2, 0]",55,3,4.0,6,"[(0, 2, 17), (0, 1, 10), (1, 2, 28), (1, 0, 10), (2, 1, 28), (2, 0, 17)]"
tsp_brute_force,0.0,"[0, 2, 1, 0]",126,3,4.0,6,"[(0, 1, 97), (0, 2, 98), (1, 0, 19), (1, 2, 9), (2, 0, 98), (2, 1, 9)]"
tsp_brute_force,0.0,,inf,3,2.6666666666666665,4,"[(0, 2, 7), (1, 2, 62), (2, 1, 62), (2, 0, 76)]"
tsp_brute_force,0.0,,inf,3,2.6666666666666665,4,"[(0, 2, 70), (0, 1, 57), (1, 0, 57), (2, 0, 70)]"
tsp_brute_force,0.0004954338073730469,"[0, 1, 2, 0]",160,3,4.0,6,"[(0, 1, 82), (0, 2, 28), (1, 0, 82), (1, 2, 50), (2, 0, 28), (2, 1, 50)]"
tsp_brute_force,0.0,,inf,3,2.6666666666666665,4,"[(0, 2, 90), (1, 2, 1), (2, 1, 1), (2, 0, 90)]"
tsp_brute_force,0.0,,inf,3,2.6666666666666665,4,"[(0, 1, 49), (1, 0, 49), (1, 2, 86), (2, 1, 50)]"
tsp_brute_force,0.0,"[0, 1, 2, 0]",122,3,4.0,6,"[(0, 1, 63), (0, 2, 56), (1, 0, 63), (1, 2, 3), (2, 0, 56), (2, 1, 3)]"
tsp_brute_force,0.0,,inf,3,2.6666666666666665,4,"[(0, 2, 48), (1, 2, 87), (2, 0, 43), (2, 1, 87)]"
tsp_brute_force,0.0,"[0, 2, 1, 0]",135,3,4.0,6,"[(0, 2, 26), (0, 1, 84), (1, 2, 35), (1, 0, 53), (2, 1, 56), (2, 0, 26)]"
tsp_brute_force,0.0,"[0, 1, 2, 0]",140,3,4.0,6,"[(0, 1, 45), (0, 2, 91), (1, 0, 45), (1, 2, 4), (2, 0, 91), (2, 1, 4)]"
tsp_brute_force,0.0,,inf,3,2.6666666666666665,4,"[(0, 2, 68), (1, 2, 78), (2, 0, 68), (2, 1, 44)]"
tsp_brute_force,0.0,,inf,3,2.6666666666666665,4,"[(0, 1, 57), (1, 0, 21), (1, 2, 98), (2, 1, 3)]"
tsp_brute_force,0.0,"[0, 1, 2, 0]",118,3,4.0,6,"[(0, 1, 38), (0, 2, 27), (1, 0, 49), (1, 2, 47), (2, 0, 33), (2, 1, 47)]"
tsp_brute_force,0.0,,inf,3,2.6666666666666665,4,"[(0, 1, 96), (0, 2, 50), (1, 0, 96), (2, 0, 50)]"
tsp_brute_force,0.0,,inf,3,2.6666666666666665,4,"[(0, 2, 76), (1, 2, 30), (2, 1, 30), (2, 0, 76)]"
tsp_brute_force,0.0,"[0, 1, 2, 0]",40,3,4.0,6,"[(0, 1, 23), (0, 2, 16), (1, 0, 23), (1, 2, 1), (2, 0, 16), (2, 1, 1)]"
tsp_brute_force,0.0,,inf,3,2.6666666666666665,4,"[(0, 2, 67), (1, 2, 29), (2, 1, 29), (2, 0, 67)]"
tsp_brute_force,0.0,,inf,3,2.6666666666666665,4,"[(0, 1, 73), (1, 0, 73), (1, 2, 9), (2, 1, 9)]"
tsp_brute_force,0.0,"[0, 2, 1, 0]",209,3,4.0,6,"[(0, 1, 43), (0, 2, 86), (1, 0, 43), (1, 2, 80), (2, 0, 93), (2, 1, 80)]"
tsp_brute_force,0.0,,inf,3,2.6666666666666665,4,"[(0, 2, 50), (1, 2, 82), (2, 0, 50), (2, 1, 82)]"
tsp_brute_force,0.0,"[0, 1, 2, 0]",132,3,4.0,6,"[(0, 1, 62), (0, 2, 25), (1, 0, 62), (1, 2, 45), (2, 1, 56), (2, 0, 25)]"
tsp_brute_force,0.0,"[0, 1, 2, 0]",190,3,4.0,6,"[(0, 1, 41), (0, 2, 88), (1, 0, 41), (1, 2, 61), (2, 0, 88), (2, 1, 61)]"
tsp_brute_force,0.0,,inf,4,4.5,6,"[(0, 3, 26), (0, 2, 86), (1, 3, 78), (2, 0, 86), (3, 1, 47), (3, 0, 26)]"
tsp_brute_force,0.0,"[0, 2, 3, 1, 0]",258,4,7.5,10,"[(0, 1, 100), (0, 2, 98), (0, 3, 35), (1, 0, 100), (1, 3, 62), (2, 3, 28), (2, 0, 98), (3, 2, 28), (3, 1, 32), (3, 0, 35)]"
tsp_brute_force,0.0,"[0, 1, 3, 2, 0]",172,4,9.0,12,"[(0, 1, 88), (0, 2, 38), (0, 3, 88), (1, 0, 88), (1, 2, 13), (1, 3, 45), (2, 0, 38), (2, 1, 13), (2, 3, 1), (3, 0, 88), (3, 1, 45), (3, 2, 1)]"
tsp_brute_force,0.0,,inf,4,4.5,6,"[(0, 1, 19), (0, 3, 89), (1, 0, 90), (2, 3, 15), (3, 0, 89), (3, 2, 15)]"
tsp_brute_force,0.0,,inf,4,6.0,8,"[(0, 2, 69), (1, 2, 5), (1, 3, 58), (2, 0, 69), (2, 1, 5), (2, 3, 38), (3, 2, 38), (3, 1, 58)]"
tsp_brute_force,0.000408172607421875,"[0, 2, 1, 3, 0]",170,4,9.0,12,"[(0, 1, 81), (0, 2, 5), (0, 3, 36), (1, 0, 81), (1, 2, 96), (1, 3, 33), (2, 0, 5), (2, 1, 96), (2, 3, 98), (3, 0, 36), (3, 1, 33), (3, 2, 98)]"
tsp_brute_force,0.0,,inf,4,4.5,6,"[(0, 1, 23), (1, 0, 57), (1, 3, 63), (2, 3, 23), (3, 1, 63), (3, 2, 23)]"
tsp_brute_force,0.0,,inf,4,6.0,8,"[(0, 1, 54), (1, 0, 54), (1, 3, 90), (1, 2, 17), (2, 3, 86), (2, 1, 17), (3, 2, 86), (3, 1, 90)]"
tsp_brute_force,0.0,"[0, 2, 1, 3, 0]",165,4,9.0,12,"[(0, 1, 79), (0, 2, 88), (0, 3, 13), (1, 0, 79), (1, 2, 54), (1, 3, 10), (2, 0, 88), (2, 1, 54), (2, 3, 74), (3, 0, 13), (3, 1, 10), (3, 2, 74)]"
tsp_brute_force,0.0,,inf,4,4.5,6,"[(0, 1, 68), (0, 3, 38), (1, 2, 77), (1, 0, 68), (2, 1, 32), (3, 0, 38)]"
tsp_brute_force,0.0,"[0, 2, 1, 3, 0]",265,4,7.5,10,"[(0, 2, 41), (0, 1, 90), (0, 3, 89), (1, 0, 90), (1, 3, 60), (1, 2, 89), (2, 0, 41), (2, 1, 75), (3, 1, 60), (3, 0, 89)]"
tsp_brute_force,0.0,"[0, 2, 1, 3, 0]",104,4,9.0,12,"[(0, 1, 71), (0, 2, 15), (0, 3, 72), (1, 0, 71), (1, 2, 15), (1, 3, 2), (2, 0, 15), (2, 1, 15), (2, 3, 83), (3, 0, 72), (3, 1, 2), (3, 2, 83)]"
tsp_brute_force,0.0,,inf,4,4.5,6,"[(0, 1, 86), (0, 3, 84), (1, 0, 86), (1, 2, 7), (2, 1, 7), (3, 0, 84)]"
tsp_brute_force,0.0,"[0, 1, 2, 3, 0]",259,4,9.0,12,"[(0, 1, 65), (0, 3, 85), (0, 2, 66), (1, 0, 65), (1, 2, 21), (1, 3, 88), (2, 0, 66), (2, 3, 88), (2, 1, 21), (3, 0, 85), (3, 2, 88), (3, 1, 88)]"
tsp_brute_force,0.0,"[0, 1, 2, 3, 0]",180,4,9.0,12,"[(0, 1, 25), (0, 2, 50), (0, 3, 29), (1, 0, 25), (1, 2, 88), (1, 3, 67), (2, 0, 50), (2, 1, 88), (2, 3, 38), (3, 0, 29), (3, 1, 91), (3, 2, 38)]"
tsp_brute_force,0.0,,inf,4,4.5,6,"[(0, 3, 30), (1, 3, 21), (1, 2, 24), (2, 1, 24), (3, 1, 21), (3, 0, 30)]"
tsp_brute_force,0.0,"[0, 2, 1, 3, 0]",196,4,7.5,10,"[(0, 1, 88), (0, 2, 74), (0, 3, 18), (1, 3, 70), (1, 0, 88), (1, 2, 34), (2, 0, 74), (2, 1, 34), (3, 1, 70), (3, 0, 18)]"
tsp_brute_force,0.0005636215209960938,"[0, 1, 3, 2, 0]",114,4,9.0,12,"[(0, 1, 80), (0, 2, 20), (0, 3, 38), (1, 0, 80), (1, 2, 84), (1, 3, 3), (2, 0, 20), (2, 1, 84), (2, 3, 11), (3, 0, 38), (3, 1, 3), (3, 2, 11)]"
tsp_brute_force,0.0,,inf,4,4.5,6,"[(0, 1, 73), (1, 0, 73), (1, 3, 94), (2, 3, 13), (3, 1, 94), (3, 2, 13)]"
tsp_brute_force,0.0,"[0, 1, 3, 2, 0]",290,4,7.5,10,"[(0, 1, 94), (0, 2, 70), (1, 3, 46), (1, 0, 94), (1, 2, 50), (2, 3, 80), (2, 0, 70), (2, 1, 45), (3, 1, 46), (3, 2, 80)]"
tsp_brute_force,0.0,"[0, 1, 3, 2, 0]",199,4,9.0,12,"[(0, 1, 14), (0, 2, 16), (0, 3, 62), (1, 0, 73), (1, 2, 69), (1, 3, 95), (2, 0, 16), (2, 1, 69), (2, 3, 74), (3, 0, 62), (3, 1, 95), (3, 2, 74)]"
tsp_brute_force,0.0,,inf,4,4.5,6,"[(0, 3, 95), (0, 1, 55), (1, 0, 56), (1, 2, 67), (2, 1, 67), (3, 0, 95)]"
tsp_brute_force,0.0,,inf,4,6.0,8,"[(0, 2, 90), (0, 3, 73), (1, 2, 35), (2, 1, 35), (2, 0, 90), (2, 3, 94), (3, 0, 73), (3, 2, 94)]"
tsp_brute_force,0.0,"[0, 1, 2, 3, 0]",169,4,9.0,12,"[(0, 1, 12), (0, 2, 49), (0, 3, 48), (1, 0, 12), (1, 2, 18), (1, 3, 96), (2, 0, 49), (2, 1, 18), (2, 3, 91), (3, 0, 48), (3, 1, 96), (3, 2, 91)]"
tsp_brute_force,0.0,,inf,4,4.5,6,"[(0, 2, 99), (0, 3, 43), (1, 3, 96), (2, 0, 99), (3, 0, 43), (3, 1, 96)]"
tsp_brute_force,0.0,,inf,4,6.0,8,"[(0, 3, 66), (1, 2, 59), (1, 3, 88), (2, 1, 59), (2, 3, 26), (3, 0, 66), (3, 2, 43), (3, 1, 93)]"
tsp_brute_force,0.0004963874816894531,"[0, 2, 1, 3, 0]",136,4,9.0,12,"[(0, 1, 32), (0, 2, 17), (0, 3, 42), (1, 0, 32), (1, 2, 6), (1, 3, 71), (2, 0, 17), (2, 1, 6), (2, 3, 92), (3, 0, 42), (3, 1, 71), (3, 2, 92)]"
tsp_brute_force,0.0,,inf,4,4.5,6,"[(0, 2, 84), (1, 2, 3), (2, 3, 40), (2, 0, 84), (2, 1, 3), (3, 2, 40)]"
tsp_brute_force,0.0004961490631103516,"[0, 2, 1, 3, 0]",244,4,7.5,10,"[(0, 2, 67), (0, 3, 39), (1, 3, 77), (1, 2, 61), (2, 0, 67), (2, 3, 90), (2, 1, 61), (3, 2, 90), (3, 0, 39), (3, 1, 77)]"
tsp_brute_force,0.0004961490631103516,"[0, 2, 1, 3, 0]",134,4,9.0,12,"[(0, 1, 97), (0, 2, 38), (0, 3, 11), (1, 0, 97), (1, 2, 56), (1, 3, 29), (2, 0, 38), (2, 1, 56), (2, 3, 16), (3, 0, 11), (3, 1, 29), (3, 2, 16)]"
tsp_brute_force,0.0,,inf,5,6.4,8,"[(0, 1, 24), (0, 3, 29), (1, 0, 24), (1, 4, 4), (2, 4, 56), (3, 0, 29), (4, 1, 4), (4, 2, 56)]"
tsp_brute_force,0.0,"[0, 3, 2, 1, 4, 0]",209,5,11.2,14,"[(0, 3, 55), (0, 1, 82), (0, 4, 5), (1, 0, 82), (1, 2, 7), (1, 4, 90), (2, 3, 52), (2, 4, 59), (2, 1, 7), (3, 0, 55), (3, 2, 52), (4, 2, 1), (4, 0, 5), (4, 1, 90)]"
tsp_brute_force,0.0004966259002685547,"[0, 1, 4, 2, 3, 0]",121,5,16.0,20,"[(0, 1, 1), (0, 2, 63), (0, 3, 15), (0, 4, 81), (1, 0, 1), (1, 2, 12), (1, 3, 78), (1, 4, 29), (2, 0, 63), (2, 1, 12), (2, 3, 14), (2, 4, 62), (3, 0, 15), (3, 1, 33), (3, 2, 14), (3, 4, 44), (4, 0, 81), (4, 1, 29), (4, 2, 62), (4, 3, 44)]"
tsp_brute_force,0.0,,inf,5,6.4,8,"[(0, 4, 13), (1, 2, 32), (2, 1, 32), (2, 3, 87), (3, 2, 87), (3, 4, 98), (4, 3, 98), (4, 0, 13)]"
tsp_brute_force,0.0,"[0, 1, 2, 4, 3, 0]",137,5,12.8,16,"[(0, 2, 69), (0, 4, 83), (0, 3, 20), (0, 1, 41), (1, 0, 41), (1, 2, 26), (1, 3, 91), (2, 0, 69), (2, 1, 26), (2, 4, 31), (3, 4, 19), (3, 0, 20), (3, 1, 91), (4, 3, 19), (4, 0, 83), (4, 2, 34)]"
tsp_brute_force,0.0004961490631103516,"[0, 4, 3, 2, 1, 0]",106,5,16.0,20,"[(0, 1, 32), (0, 2, 5), (0, 3, 16), (0, 4, 16), (1, 0, 32), (1, 2, 17), (1, 3, 98), (1, 4, 53), (2, 0, 85), (2, 1, 17), (2, 3, 57), (2, 4, 63), (3, 0, 29), (3, 1, 98), (3, 2, 27), (3, 4, 14), (4, 0, 16), (4, 1, 53), (4, 2, 89), (4, 3, 14)]"
tsp_brute_force,0.0,,inf,5,6.4,8,"[(0, 1, 63), (1, 2, 74), (1, 3, 76), (1, 0, 81), (2, 1, 74), (2, 4, 53), (3, 1, 76), (4, 2, 53)]"
tsp_brute_force,0.0,"[0, 4, 1, 3, 2, 0]",181,5,12.8,16,"[(0, 1, 60), (0, 2, 66), (0, 4, 10), (1, 3, 83), (1, 0, 60), (1, 4, 61), (1, 2, 74), (2, 4, 94), (2, 0, 19), (2, 1, 74), (2, 3, 8), (3, 1, 83), (3, 2, 8), (4, 1, 61), (4, 2, 94), (4, 0, 33)]"
tsp_brute_force,0.0004949569702148438,"[0, 1, 4, 3, 2, 0]",127,5,16.0,20,"[(0, 1, 19), (0, 2, 97), (0, 3, 69), (0, 4, 61), (1, 0, 19), (1, 2, 7), (1, 3, 38), (1, 4, 8), (2, 0, 34), (2, 1, 7), (2, 3, 38), (2, 4, 75), (3, 0, 69), (3, 1, 91), (3, 2, 38), (3, 4, 28), (4, 0, 61), (4, 1, 47), (4, 2, 75), (4, 3, 28)]"
tsp_brute_force,0.0,,inf,5,6.4,8,"[(0, 4, 90), (0, 1, 73), (1, 0, 73), (2, 3, 27), (3, 4, 26), (3, 2, 27), (4, 0, 90), (4, 3, 26)]"
tsp_brute_force,0.0,"[0, 1, 2, 4, 3, 0]",279,5,11.2,14,"[(0, 3, 59), (0, 2, 60), (0, 1, 22), (1, 3, 37), (1, 2, 21), (1, 0, 78), (2, 0, 60), (2, 4, 98), (2, 1, 21), (3, 1, 40), (3, 0, 59), (3, 4, 79), (4, 3, 79), (4, 2, 98)]"
tsp_brute_force,0.0004961490631103516,"[0, 1, 2, 3, 4, 0]",150,5,16.0,20,"[(0, 1, 43), (0, 2, 39), (0, 3, 50), (0, 4, 24), (1, 0, 43), (1, 2, 64), (1, 3, 55), (1, 4, 62), (2, 0, 39), (2, 1, 64), (2, 3, 10), (2, 4, 31), (3, 0, 50), (3, 1, 55), (3, 2, 23), (3, 4, 9), (4, 0, 24), (4, 1, 62), (4, 2, 31), (4, 3, 9)]"
tsp_brute_force,0.0,,inf,5,6.4,8,"[(0, 2, 20), (0, 4, 73), (1, 3, 3), (1, 2, 73), (2, 1, 73), (2, 0, 37), (3, 1, 6), (4, 0, 73)]"
tsp_brute_force,0.0,"[0, 2, 3, 4, 1, 0]",176,5,12.8,16,"[(0, 4, 59), (0, 2, 6), (0, 1, 27), (1, 2, 73), (1, 4, 52), (1, 0, 27), (1, 3, 37), (2, 3, 68), (2, 0, 6), (2, 1, 73), (3, 4, 69), (3, 2, 75), (3, 1, 62), (4, 0, 80), (4, 3, 69), (4, 1, 6)]"
tsp_brute_force,0.00049591064453125,"[0, 1, 2, 4, 3, 0]",126,5,16.0,20,"[(0, 1, 9), (0, 2, 72), (0, 3, 3), (0, 4, 85), (1, 0, 43), (1, 2, 57), (1, 3, 60), (1, 4, 63), (2, 0, 72), (2, 1, 57), (2, 3, 47), (2, 4, 26), (3, 0, 3), (3, 1, 60), (3, 2, 47), (3, 4, 31), (4, 0, 85), (4, 1, 55), (4, 2, 26), (4, 3, 31)]"
tsp_brute_force,0.0,,inf,5,6.4,8,"[(0, 4, 47), (0, 1, 5), (1, 0, 5), (1, 3, 64), (2, 4, 19), (3, 1, 64), (4, 0, 44), (4, 2, 19)]"
tsp_brute_force,0.0,"[0, 1, 2, 4, 3, 0]",253,5,12.8,16,"[(0, 2, 80), (0, 3, 23), (0, 1, 83), (1, 2, 60), (1, 0, 83), (1, 3, 42), (2, 1, 60), (2, 3, 44), (2, 0, 80), (2, 4, 37), (3, 4, 50), (3, 2, 44), (3, 0, 23), (3, 1, 42), (4, 3, 50), (4, 2, 37)]"
tsp_brute_force,0.0004963874816894531,"[0, 3, 2, 1, 4, 0]",228,5,16.0,20,"[(0, 1, 66), (0, 2, 36), (0, 3, 67), (0, 4, 13), (1, 0, 66), (1, 2, 56), (1, 3, 100), (1, 4, 39), (2, 0, 36), (2, 1, 56), (2, 3, 53), (2, 4, 94), (3, 0, 67), (3, 1, 100), (3, 2, 53), (3, 4, 52), (4, 0, 13), (4, 1, 39), (4, 2, 77), (4, 3, 52)]"
tsp_brute_force,0.0,,inf,5,6.4,8,"[(0, 4, 85), (0, 2, 74), (1, 3, 85), (2, 0, 74), (3, 4, 81), (3, 1, 85), (4, 0, 85), (4, 3, 57)]"
tsp_brute_force,0.0,"[0, 3, 1, 2, 4, 0]",282,5,12.8,16,"[(0, 1, 76), (0, 3, 13), (0, 4, 78), (0, 2, 25), (1, 0, 76), (1, 3, 87), (1, 2, 67), (2, 3, 9), (2, 1, 67), (2, 4, 37), (2, 0, 25), (3, 2, 9), (3, 0, 13), (3, 1, 87), (4, 0, 78), (4, 2, 37)]"
tsp_brute_force,0.0004971027374267578,"[0, 1, 4, 2, 3, 0]",157,5,16.0,20,"[(0, 1, 24), (0, 2, 64), (0, 3, 16), (0, 4, 13), (1, 0, 24), (1, 2, 78), (1, 3, 100), (1, 4, 12), (2, 0, 64), (2, 1, 78), (2, 3, 58), (2, 4, 47), (3, 0, 16), (3, 1, 100), (3, 2, 58), (3, 4, 51), (4, 0, 13), (4, 1, 12), (4, 2, 47), (4, 3, 51)]"
tsp_brute_force,0.0,,inf,5,6.4,8,"[(0, 1, 98), (1, 0, 98), (1, 3, 9), (1, 2, 83), (2, 1, 83), (2, 4, 81), (3, 1, 99), (4, 2, 44)]"
tsp_brute_force,0.0,"[0, 1, 3, 4, 2, 0]",249,5,11.2,14,"[(0, 2, 30), (0, 4, 60), (0, 1, 90), (1, 3, 69), (1, 0, 90), (2, 3, 4), (2, 4, 31), (2, 0, 30), (3, 1, 69), (3, 2, 4), (3, 4, 29), (4, 2, 31), (4, 0, 83), (4, 3, 29)]"
tsp_brute_force,0.0004961490631103516,"[0, 1, 4, 2, 3, 0]",249,5,16.0,20,"[(0, 1, 75), (0, 2, 91), (0, 3, 84), (0, 4, 97), (1, 0, 50), (1, 2, 52), (1, 3, 83), (1, 4, 9), (2, 0, 91), (2, 1, 52), (2, 3, 77), (2, 4, 63), (3, 0, 21), (3, 1, 83), (3, 2, 77), (3, 4, 85), (4, 0, 97), (4, 1, 9), (4, 2, 67), (4, 3, 85)]"
tsp_brute_force,0.0,,inf,5,6.4,8,"[(0, 3, 34), (0, 4, 94), (1, 2, 15), (2, 1, 15), (2, 3, 70), (3, 2, 70), (3, 0, 34), (4, 0, 94)]"
tsp_brute_force,0.0,"[0, 4, 3, 1, 2, 0]",183,5,12.8,16,"[(0, 4, 5), (0, 3, 65), (0, 1, 59), (0, 2, 31), (1, 2, 12), (1, 0, 59), (1, 4, 6), (1, 3, 64), (2, 1, 95), (2, 0, 31), (3, 0, 65), (3, 4, 71), (3, 1, 64), (4, 0, 35), (4, 3, 71), (4, 1, 6)]"
tsp_brute_force,0.00049591064453125,"[0, 3, 2, 1, 4, 0]",162,5,16.0,20,"[(0, 1, 73), (0, 2, 3), (0, 3, 13), (0, 4, 32), (1, 0, 94), (1, 2, 24), (1, 3, 59), (1, 4, 45), (2, 0, 89), (2, 1, 24), (2, 3, 48), (2, 4, 81), (3, 0, 13), (3, 1, 59), (3, 2, 48), (3, 4, 83), (4, 0, 32), (4, 1, 45), (4, 2, 81), (4, 3, 83)]"
tsp_brute_force,0.0,,inf,5,6.4,8,"[(0, 4, 17), (0, 2, 3), (1, 3, 59), (2, 0, 44), (3, 4, 50), (3, 1, 59), (4, 0, 17), (4, 3, 50)]"
tsp_brute_force,0.0,"[0, 4, 2, 3, 1, 0]",109,5,12.8,16,"[(0, 4, 34), (0, 2, 7), (0, 1, 39), (1, 2, 71), (1, 4, 95), (1, 3, 8), (1, 0, 31), (2, 3, 22), (2, 1, 71), (2, 4, 14), (2, 0, 54), (3, 2, 22), (3, 1, 8), (4, 2, 14), (4, 0, 34), (4, 1, 95)]"
tsp_brute_force,0.0004954338073730469,"[0, 4, 3, 2, 1, 0]",231,5,16.0,20,"[(0, 1, 89), (0, 2, 79), (0, 3, 97), (0, 4, 44), (1, 0, 78), (1, 2, 35), (1, 3, 96), (1, 4, 19), (2, 0, 79), (2, 1, 35), (2, 3, 44), (2, 4, 17), (3, 0, 97), (3, 1, 96), (3, 2, 44), (3, 4, 30), (4, 0, 44), (4, 1, 19), (4, 2, 40), (4, 3, 30)]"
tsp_brute_force,0.0009922981262207031,,inf,6,8.333333333333334,10,"[(0, 1, 59), (1, 5, 74), (1, 0, 59), (2, 5, 3), (2, 3, 88), (3, 2, 88), (4, 5, 37), (5, 4, 37), (5, 2, 3), (5, 1, 74)]"
tsp_brute_force,0.00148773193359375,"[0, 2, 3, 1, 4, 5, 0]",268,6,16.666666666666668,20,"[(0, 3, 98), (0, 5, 35), (0, 2, 93), (1, 3, 60), (1, 4, 3), (1, 2, 99), (2, 5, 68), (2, 3, 16), (2, 0, 65), (2, 1, 99), (2, 4, 35), (3, 0, 98), (3, 1, 60), (3, 2, 16), (4, 1, 60), (4, 5, 89), (4, 2, 35), (5, 2, 68), (5, 0, 7), (5, 4, 89)]"
tsp_brute_force,0.0029761791229248047,"[0, 2, 4, 5, 3, 1, 0]",171,6,25.0,30,"[(0, 1, 5), (0, 2, 48), (0, 3, 77), (0, 4, 98), (0, 5, 36), (1, 0, 5), (1, 2, 74), (1, 3, 37), (1, 4, 53), (1, 5, 27), (2, 0, 48), (2, 1, 69), (2, 3, 93), (2, 4, 27), (2, 5, 94), (3, 0, 84), (3, 1, 37), (3, 2, 93), (3, 4, 47), (3, 5, 32), (4, 0, 98), (4, 1, 53), (4, 2, 27), (4, 3, 47), (4, 5, 22), (5, 0, 36), (5, 1, 27), (5, 2, 94), (5, 3, 32), (5, 4, 89)]"
tsp_brute_force,0.0004839897155761719,,inf,6,8.333333333333334,10,"[(0, 3, 21), (0, 4, 23), (1, 4, 85), (1, 5, 41), (2, 4, 14), (3, 0, 21), (4, 0, 23), (4, 2, 90), (4, 1, 80), (5, 1, 41)]"
tsp_brute_force,0.0014891624450683594,"[0, 2, 1, 5, 4, 3, 0]",354,6,16.666666666666668,20,"[(0, 2, 87), (0, 3, 83), (0, 4, 6), (0, 1, 76), (1, 2, 52), (1, 3, 19), (1, 5, 18), (1, 4, 85), (1, 0, 76), (2, 0, 87), (2, 1, 52), (3, 0, 83), (3, 1, 19), (3, 4, 48), (4, 0, 95), (4, 5, 8), (4, 1, 85), (4, 3, 48), (5, 4, 66), (5, 1, 87)]"
tsp_brute_force,0.0029754638671875,"[0, 2, 1, 3, 4, 5, 0]",219,6,25.0,30,"[(0, 1, 68), (0, 2, 60), (0, 3, 98), (0, 4, 15), (0, 5, 84), (1, 0, 68), (1, 2, 18), (1, 3, 25), (1, 4, 18), (1, 5, 91), (2, 0, 60), (2, 1, 18), (2, 3, 64), (2, 4, 82), (2, 5, 61), (3, 0, 98), (3, 1, 25), (3, 2, 49), (3, 4, 16), (3, 5, 99), (4, 0, 15), (4, 1, 18), (4, 2, 82), (4, 3, 16), (4, 5, 16), (5, 0, 84), (5, 1, 67), (5, 2, 94), (5, 3, 99), (5, 4, 16)]"
tsp_brute_force,0.0004961490631103516,,inf,6,8.333333333333334,10,"[(0, 2, 45), (0, 3, 68), (0, 4, 47), (1, 4, 34), (2, 0, 45), (3, 0, 77), (3, 5, 52), (4, 0, 47), (4, 1, 34), (5, 3, 52)]"
tsp_brute_force,0.0014879703521728516,"[0, 1, 5, 3, 4, 2, 0]",198,6,18.333333333333332,22,"[(0, 3, 32), (0, 4, 97), (0, 2, 46), (0, 1, 42), (1, 0, 42), (1, 5, 97), (1, 2, 87), (2, 4, 35), (2, 5, 90), (2, 0, 10), (2, 1, 87), (3, 0, 32), (3, 4, 4), (3, 5, 10), (4, 2, 35), (4, 5, 99), (4, 0, 97), (4, 3, 4), (5, 4, 99), (5, 2, 8), (5, 1, 97), (5, 3, 10)]"
tsp_brute_force,0.003471851348876953,"[0, 4, 5, 3, 2, 1, 0]",177,6,25.0,30,"[(0, 1, 55), (0, 2, 99), (0, 3, 91), (0, 4, 3), (0, 5, 79), (1, 0, 53), (1, 2, 47), (1, 3, 56), (1, 4, 59), (1, 5, 43), (2, 0, 99), (2, 1, 47), (2, 3, 32), (2, 4, 98), (2, 5, 46), (3, 0, 91), (3, 1, 56), (3, 2, 32), (3, 4, 18), (3, 5, 18), (4, 0, 3), (4, 1, 59), (4, 2, 98), (4, 3, 18), (4, 5, 24), (5, 0, 79), (5, 1, 43), (5, 2, 46), (5, 3, 18), (5, 4, 24)]"
tsp_brute_force,0.0009913444519042969,,inf,6,8.333333333333334,10,"[(0, 3, 39), (0, 4, 9), (1, 2, 67), (2, 3, 79), (2, 5, 41), (2, 1, 67), (3, 0, 39), (3, 2, 80), (4, 0, 9), (5, 2, 41)]"
tsp_brute_force,0.001993894577026367,"[0, 3, 1, 4, 5, 2, 0]",113,6,18.333333333333332,22,"[(0, 4, 87), (0, 5, 60), (0, 3, 12), (0, 2, 31), (1, 3, 18), (1, 4, 19), (1, 2, 88), (2, 4, 100), (2, 0, 31), (2, 1, 88), (2, 5, 12), (3, 0, 12), (3, 1, 18), (3, 4, 2), (4, 0, 87), (4, 2, 100), (4, 3, 2), (4, 1, 47), (4, 5, 21), (5, 0, 60), (5, 4, 88), (5, 2, 12)]"
tsp_brute_force,0.002975940704345703,"[0, 5, 2, 3, 1, 4, 0]",273,6,25.0,30,"[(0, 1, 50), (0, 2, 82), (0, 3, 78), (0, 4, 98), (0, 5, 29), (1, 0, 50), (1, 2, 94), (1, 3, 82), (1, 4, 28), (1, 5, 83), (2, 0, 82), (2, 1, 94), (2, 3, 83), (2, 4, 88), (2, 5, 71), (3, 0, 78), (3, 1, 33), (3, 2, 83), (3, 4, 71), (3, 5, 87), (4, 0, 29), (4, 1, 28), (4, 2, 88), (4, 3, 71), (4, 5, 96), (5, 0, 29), (5, 1, 61), (5, 2, 71), (5, 3, 87), (5, 4, 96)]"
tsp_brute_force,0.0009915828704833984,,inf,6,8.333333333333334,10,"[(0, 5, 14), (1, 4, 20), (1, 2, 95), (2, 1, 95), (3, 4, 7), (4, 3, 7), (4, 1, 20), (4, 5, 60), (5, 4, 60), (5, 0, 14)]"
tsp_brute_force,0.0014882087707519531,"[0, 5, 3, 2, 1, 4, 0]",342,6,16.666666666666668,20,"[(0, 5, 56), (0, 2, 92), (0, 1, 73), (0, 4, 95), (1, 4, 38), (1, 0, 73), (1, 5, 89), (1, 2, 79), (2, 3, 57), (2, 0, 92), (2, 5, 42), (2, 1, 79), (3, 2, 57), (3, 5, 55), (4, 1, 38), (4, 0, 95), (5, 0, 56), (5, 1, 72), (5, 2, 86), (5, 3, 17)]"
tsp_brute_force,0.003471851348876953,"[0, 1, 4, 2, 5, 3, 0]",171,6,25.0,30,"[(0, 1, 25), (0, 2, 55), (0, 3, 30), (0, 4, 96), (0, 5, 92), (1, 0, 25), (1, 2, 74), (1, 3, 94), (1, 4, 21), (1, 5, 91), (2, 0, 55), (2, 1, 74), (2, 3, 75), (2, 4, 55), (2, 5, 31), (3, 0, 30), (3, 1, 94), (3, 2, 75), (3, 4, 47), (3, 5, 87), (4, 0, 96), (4, 1, 21), (4, 2, 55), (4, 3, 47), (4, 5, 67), (5, 0, 49), (5, 1, 91), (5, 2, 31), (5, 3, 9), (5, 4, 67)]"
tsp_brute_force,0.0009920597076416016,,inf,6,8.333333333333334,10,"[(0, 2, 80), (0, 5, 54), (0, 3, 58), (1, 4, 33), (2, 4, 32), (2, 0, 80), (3, 0, 58), (4, 2, 32), (4, 1, 33), (5, 0, 18)]"
tsp_brute_force,0.001984834671020508,"[0, 4, 5, 2, 3, 1, 0]",173,6,20.0,24,"[(0, 1, 2), (0, 4, 18), (0, 3, 86), (1, 3, 12), (1, 0, 2), (1, 2, 46), (1, 5, 47), (1, 4, 74), (2, 5, 76), (2, 4, 60), (2, 1, 46), (2, 3, 41), (3, 1, 12), (3, 0, 86), (3, 4, 89), (3, 2, 41), (4, 0, 18), (4, 5, 24), (4, 2, 60), (4, 3, 89), (4, 1, 58), (5, 2, 76), (5, 4, 65), (5, 1, 47)]"
tsp_brute_force,0.002965211868286133,"[0, 4, 3, 2, 1, 5, 0]",233,6,25.0,30,"[(0, 1, 53), (0, 2, 94), (0, 3, 55), (0, 4, 25), (0, 5, 1), (1, 0, 53), (1, 2, 37), (1, 3, 97), (1, 4, 70), (1, 5, 52), (2, 0, 80), (2, 1, 37), (2, 3, 85), (2, 4, 64), (2, 5, 61), (3, 0, 55), (3, 1, 97), (3, 2, 85), (3, 4, 82), (3, 5, 77), (4, 0, 25), (4, 1, 70), (4, 2, 64), (4, 3, 33), (4, 5, 97), (5, 0, 1), (5, 1, 52), (5, 2, 61), (5, 3, 97), (5, 4, 69)]"
tsp_brute_force,0.00049591064453125,,inf,6,8.333333333333334,10,"[(0, 2, 29), (1, 3, 50), (2, 3, 69), (2, 0, 29), (3, 1, 50), (3, 2, 69), (3, 4, 50), (4, 3, 6), (4, 5, 15), (5, 4, 15)]"
tsp_brute_force,0.001984119415283203,"[0, 1, 3, 5, 2, 4, 0]",292,6,20.0,24,"[(0, 5, 79), (0, 4, 67), (0, 1, 30), (0, 3, 86), (1, 3, 20), (1, 4, 47), (1, 5, 28), (1, 0, 30), (2, 4, 71), (2, 5, 94), (3, 4, 42), (3, 5, 10), (3, 1, 20), (3, 0, 86), (4, 3, 42), (4, 5, 68), (4, 2, 71), (4, 0, 67), (4, 1, 47), (5, 0, 79), (5, 3, 10), (5, 4, 91), (5, 2, 94), (5, 1, 82)]"
tsp_brute_force,0.0029757022857666016,"[0, 5, 1, 4, 3, 2, 0]",80,6,25.0,30,"[(0, 1, 21), (0, 2, 77), (0, 3, 34), (0, 4, 75), (0, 5, 10), (1, 0, 21), (1, 2, 34), (1, 3, 2), (1, 4, 9), (1, 5, 72), (2, 0, 25), (2, 1, 34), (2, 3, 8), (2, 4, 86), (2, 5, 64), (3, 0, 34), (3, 1, 86), (3, 2, 8), (3, 4, 9), (3, 5, 53), (4, 0, 70), (4, 1, 9), (4, 2, 86), (4, 3, 9), (4, 5, 63), (5, 0, 10), (5, 1, 19), (5, 2, 64), (5, 3, 53), (5, 4, 63)]"
tsp_brute_force,0.0009920597076416016,,inf,6,8.333333333333334,10,"[(0, 5, 6), (1, 2, 93), (2, 3, 97), (2, 5, 74), (2, 1, 30), (3, 2, 76), (4, 5, 24), (5, 2, 74), (5, 4, 24), (5, 0, 6)]"
tsp_brute_force,0.0019838809967041016,"[0, 1, 2, 5, 3, 4, 0]",217,6,20.0,24,"[(0, 4, 93), (0, 3, 64), (0, 1, 4), (1, 0, 4), (1, 2, 9), (1, 4, 67), (1, 3, 100), (1, 5, 10), (2, 3, 72), (2, 5, 82), (2, 1, 9), (3, 2, 72), (3, 0, 64), (3, 4, 54), (3, 5, 20), (3, 1, 6), (4, 0, 36), (4, 5, 100), (4, 3, 78), (4, 1, 67), (5, 4, 100), (5, 2, 82), (5, 3, 32), (5, 1, 14)]"
tsp_brute_force,0.0029761791229248047,"[0, 2, 5, 1, 3, 4, 0]",179,6,25.0,30,"[(0, 1, 53), (0, 2, 66), (0, 3, 27), (0, 4, 47), (0, 5, 29), (1, 0, 53), (1, 2, 43), (1, 3, 5), (1, 4, 84), (1, 5, 6), (2, 0, 66), (2, 1, 43), (2, 3, 85), (2, 4, 88), (2, 5, 33), (3, 0, 27), (3, 1, 5), (3, 2, 85), (3, 4, 22), (3, 5, 31), (4, 0, 47), (4, 1, 53), (4, 2, 88), (4, 3, 41), (4, 5, 79), (5, 0, 29), (5, 1, 6), (5, 2, 33), (5, 3, 31), (5, 4, 79)]"
tsp_brute_force,0.0004956722259521484,,inf,6,8.333333333333334,10,"[(0, 4, 82), (0, 1, 93), (1, 0, 93), (1, 2, 93), (1, 5, 81), (2, 1, 93), (3, 4, 57), (4, 0, 82), (4, 3, 57), (5, 1, 81)]"
tsp_brute_force,0.00148773193359375,"[0, 3, 2, 4, 1, 5, 0]",222,6,18.333333333333332,22,"[(0, 4, 52), (0, 3, 64), (0, 1, 85), (0, 2, 82), (0, 5, 9), (1, 2, 15), (1, 4, 74), (1, 5, 29), (1, 0, 85), (2, 3, 50), (2, 1, 15), (2, 0, 82), (2, 4, 8), (2, 5, 70), (3, 2, 40), (3, 0, 64), (4, 0, 52), (4, 1, 74), (4, 2, 8), (5, 1, 29), (5, 2, 70), (5, 0, 7)]"
tsp_brute_force,0.003473043441772461,"[0, 5, 4, 2, 3, 1, 0]",158,6,25.0,30,"[(0, 1, 92), (0, 2, 56), (0, 3, 43), (0, 4, 85), (0, 5, 38), (1, 0, 8), (1, 2, 86), (1, 3, 21), (1, 4, 19), (1, 5, 9), (2, 0, 56), (2, 1, 13), (2, 3, 14), (2, 4, 80), (2, 5, 70), (3, 0, 43), (3, 1, 21), (3, 2, 14), (3, 4, 68), (3, 5, 86), (4, 0, 85), (4, 1, 19), (4, 2, 37), (4, 3, 68), (4, 5, 40), (5, 0, 63), (5, 1, 31), (5, 2, 24), (5, 3, 86), (5, 4, 40)]"
tsp_brute_force,0.00047397613525390625,,inf,6,8.333333333333334,10,"[(0, 1, 52), (0, 3, 99), (1, 0, 52), (1, 5, 51), (2, 5, 2), (3, 0, 99), (3, 4, 79), (4, 3, 79), (5, 1, 51), (5, 2, 2)]"
tsp_brute_force,0.001485586166381836,"[0, 1, 4, 5, 3, 2, 0]",359,6,18.333333333333332,22,"[(0, 2, 97), (0, 3, 69), (0, 1, 26), (0, 5, 85), (1, 5, 73), (1, 0, 26), (1, 3, 7), (1, 4, 24), (2, 0, 97), (2, 3, 97), (3, 4, 70), (3, 2, 97), (3, 0, 69), (3, 1, 7), (3, 5, 29), (4, 3, 70), (4, 5, 86), (4, 1, 24), (5, 4, 86), (5, 1, 73), (5, 0, 85), (5, 3, 29)]"
tsp_brute_force,0.0029761791229248047,"[0, 3, 2, 1, 5, 4, 0]",184,6,25.0,30,"[(0, 1, 70), (0, 2, 21), (0, 3, 8), (0, 4, 17), (0, 5, 27), (1, 0, 70), (1, 2, 47), (1, 3, 52), (1, 4, 54), (1, 5, 19), (2, 0, 21), (2, 1, 47), (2, 3, 21), (2, 4, 74), (2, 5, 85), (3, 0, 8), (3, 1, 52), (3, 2, 21), (3, 4, 88), (3, 5, 92), (4, 0, 13), (4, 1, 54), (4, 2, 74), (4, 3, 88), (4, 5, 76), (5, 0, 27), (5, 1, 19), (5, 2, 85), (5, 3, 92), (5, 4, 76)]"
tsp_brute_force,0.004959583282470703,,inf,7,10.285714285714285,12,"[(0, 1, 90), (1, 4, 96), (1, 0, 90), (2, 6, 67), (3, 4, 15), (3, 5, 6), (4, 3, 15), (4, 6, 76), (4, 1, 95), (5, 3, 6), (6, 4, 76), (6, 2, 67)]"
tsp_brute_force,0.015871763229370117,"[0, 2, 6, 1, 5, 3, 4, 0]",285,7,27.428571428571427,32,"[(0, 5, 48), (0, 3, 62), (0, 1, 7), (0, 4, 7), (0, 2, 56), (0, 6, 24), (1, 4, 63), (1, 3, 79), (1, 0, 9), (1, 5, 51), (1, 6, 65), (2, 4, 95), (2, 0, 56), (2, 6, 9), (3, 0, 62), (3, 1, 79), (3, 4, 31), (3, 5, 66), (4, 6, 97), (4, 1, 63), (4, 3, 31), (4, 2, 95), (4, 5, 56), (4, 0, 7), (5, 0, 48), (5, 4, 56), (5, 1, 51), (5, 3, 66), (6, 4, 97), (6, 1, 65), (6, 2, 92), (6, 0, 46)]"
tsp_brute_force,0.034722089767456055,"[0, 2, 3, 1, 6, 4, 5, 0]",183,7,36.0,42,"[(0, 1, 83), (0, 2, 8), (0, 3, 83), (0, 4, 54), (0, 5, 28), (0, 6, 50), (1, 0, 83), (1, 2, 94), (1, 3, 16), (1, 4, 42), (1, 5, 67), (1, 6, 25), (2, 0, 8), (2, 1, 94), (2, 3, 38), (2, 4, 100), (2, 5, 67), (2, 6, 71), (3, 0, 83), (3, 1, 16), (3, 2, 38), (3, 4, 72), (3, 5, 90), (3, 6, 78), (4, 0, 54), (4, 1, 42), (4, 2, 100), (4, 3, 42), (4, 5, 54), (4, 6, 14), (5, 0, 28), (5, 1, 67), (5, 2, 67), (5, 3, 90), (5, 4, 54), (5, 6, 66), (6, 0, 80), (6, 1, 25), (6, 2, 50), (6, 3, 78), (6, 4, 14), (6, 5, 66)]"
tsp_brute_force,0.006443977355957031,,inf,7,10.285714285714285,12,"[(0, 6, 83), (1, 3, 43), (1, 5, 99), (2, 3, 55), (2, 4, 78), (3, 1, 43), (3, 6, 64), (3, 2, 55), (4, 2, 78), (5, 1, 71), (6, 3, 64), (6, 0, 90)]"
tsp_brute_force,0.011904478073120117,"[0, 1, 4, 5, 2, 6, 3, 0]",273,7,27.428571428571427,32,"[(0, 1, 47), (0, 3, 72), (0, 6, 72), (1, 2, 1), (1, 0, 47), (1, 3, 77), (1, 4, 63), (1, 5, 40), (1, 6, 11), (2, 1, 1), (2, 6, 2), (2, 5, 49), (2, 3, 63), (3, 0, 72), (3, 1, 56), (3, 6, 12), (3, 4, 95), (3, 2, 63), (4, 1, 63), (4, 3, 81), (4, 5, 28), (4, 6, 96), (5, 1, 40), (5, 2, 49), (5, 4, 28), (5, 6, 83), (6, 3, 12), (6, 2, 2), (6, 0, 72), (6, 5, 83), (6, 4, 74), (6, 1, 11)]"
tsp_brute_force,0.02827167510986328,"[0, 1, 2, 5, 6, 3, 4, 0]",154,7,36.0,42,"[(0, 1, 49), (0, 2, 93), (0, 3, 45), (0, 4, 1), (0, 5, 67), (0, 6, 67), (1, 0, 49), (1, 2, 85), (1, 3, 79), (1, 4, 100), (1, 5, 81), (1, 6, 97), (2, 0, 93), (2, 1, 85), (2, 3, 49), (2, 4, 32), (2, 5, 5), (2, 6, 35), (3, 0, 45), (3, 1, 79), (3, 2, 49), (3, 4, 5), (3, 5, 49), (3, 6, 2), (4, 0, 1), (4, 1, 100), (4, 2, 70), (4, 3, 81), (4, 5, 71), (4, 6, 9), (5, 0, 70), (5, 1, 81), (5, 2, 5), (5, 3, 72), (5, 4, 71), (5, 6, 7), (6, 0, 76), (6, 1, 32), (6, 2, 14), (6, 3, 2), (6, 4, 9), (6, 5, 7)]"
tsp_brute_force,0.004959821701049805,,inf,7,10.285714285714285,12,"[(0, 2, 17), (1, 2, 14), (2, 5, 45), (2, 3, 73), (2, 0, 17), (2, 1, 14), (2, 6, 99), (3, 2, 70), (3, 4, 63), (4, 3, 63), (5, 2, 45), (6, 2, 99)]"
tsp_brute_force,0.010416269302368164,"[0, 2, 3, 6, 4, 5, 1, 0]",360,7,25.714285714285715,30,"[(0, 3, 33), (0, 2, 41), (0, 4, 71), (0, 1, 28), (0, 6, 99), (0, 5, 68), (1, 5, 100), (1, 0, 28), (2, 0, 87), (2, 4, 79), (2, 6, 78), (2, 3, 14), (2, 5, 60), (3, 4, 92), (3, 0, 33), (3, 6, 65), (3, 2, 14), (4, 3, 42), (4, 5, 79), (4, 0, 71), (4, 6, 93), (4, 2, 61), (5, 4, 61), (5, 1, 40), (5, 2, 99), (5, 0, 68), (6, 3, 65), (6, 4, 93), (6, 0, 46), (6, 2, 78)]"
tsp_brute_force,0.02430438995361328,"[0, 1, 6, 3, 2, 4, 5, 0]",170,7,36.0,42,"[(0, 1, 44), (0, 2, 34), (0, 3, 95), (0, 4, 71), (0, 5, 42), (0, 6, 97), (1, 0, 44), (1, 2, 76), (1, 3, 74), (1, 4, 100), (1, 5, 94), (1, 6, 25), (2, 0, 34), (2, 1, 55), (2, 3, 3), (2, 4, 40), (2, 5, 83), (2, 6, 71), (3, 0, 89), (3, 1, 74), (3, 2, 3), (3, 4, 31), (3, 5, 69), (3, 6, 6), (4, 0, 71), (4, 1, 100), (4, 2, 40), (4, 3, 31), (4, 5, 10), (4, 6, 8), (5, 0, 42), (5, 1, 94), (5, 2, 83), (5, 3, 69), (5, 4, 88), (5, 6, 35), (6, 0, 97), (6, 1, 25), (6, 2, 35), (6, 3, 6), (6, 4, 8), (6, 5, 29)]"
tsp_brute_force,0.004960060119628906,,inf,7,10.285714285714285,12,"[(0, 4, 95), (1, 5, 40), (1, 2, 82), (2, 1, 82), (2, 6, 61), (3, 4, 72), (4, 5, 34), (4, 0, 95), (4, 3, 72), (5, 1, 40), (5, 4, 34), (6, 2, 51)]"
tsp_brute_force,0.013391971588134766,"[0, 4, 2, 5, 1, 3, 6, 0]",247,7,29.14285714285714,34,"[(0, 3, 94), (0, 4, 60), (0, 5, 28), (0, 2, 85), (0, 6, 46), (1, 4, 84), (1, 3, 75), (1, 6, 78), (1, 5, 99), (2, 6, 27), (2, 0, 85), (2, 4, 19), (2, 5, 28), (2, 3, 62), (3, 0, 94), (3, 1, 75), (3, 6, 5), (3, 5, 32), (3, 2, 62), (4, 1, 12), (4, 0, 60), (4, 6, 59), (4, 2, 19), (4, 5, 50), (5, 0, 74), (5, 1, 14), (5, 3, 32), (5, 4, 93), (5, 2, 63), (6, 2, 98), (6, 4, 59), (6, 1, 81), (6, 3, 5), (6, 0, 46)]"
tsp_brute_force,0.024303674697875977,"[0, 4, 3, 6, 5, 2, 1, 0]",207,7,36.0,42,"[(0, 1, 17), (0, 2, 56), (0, 3, 75), (0, 4, 35), (0, 5, 64), (0, 6, 49), (1, 0, 17), (1, 2, 37), (1, 3, 13), (1, 4, 100), (1, 5, 25), (1, 6, 90), (2, 0, 56), (2, 1, 37), (2, 3, 82), (2, 4, 72), (2, 5, 69), (2, 6, 92), (3, 0, 75), (3, 1, 13), (3, 2, 82), (3, 4, 11), (3, 5, 90), (3, 6, 16), (4, 0, 35), (4, 1, 27), (4, 2, 72), (4, 3, 11), (4, 5, 55), (4, 6, 24), (5, 0, 64), (5, 1, 25), (5, 2, 48), (5, 3, 90), (5, 4, 55), (5, 6, 43), (6, 0, 49), (6, 1, 90), (6, 2, 92), (6, 3, 16), (6, 4, 24), (6, 5, 43)]"
tsp_brute_force,0.005456686019897461,,inf,7,10.285714285714285,12,"[(0, 6, 50), (1, 3, 30), (2, 5, 51), (3, 1, 30), (3, 4, 94), (3, 6, 76), (4, 3, 48), (4, 5, 73), (5, 4, 73), (5, 2, 51), (6, 3, 42), (6, 0, 50)]"
tsp_brute_force,0.013391256332397461,"[0, 5, 4, 2, 1, 6, 3, 0]",160,7,29.14285714285714,34,"[(0, 6, 51), (0, 5, 19), (0, 4, 81), (0, 3, 1), (0, 1, 85), (1, 6, 16), (1, 4, 23), (1, 2, 36), (1, 3, 38), (1, 0, 85), (2, 3, 89), (2, 1, 36), (2, 6, 60), (2, 4, 14), (3, 4, 42), (3, 2, 89), (3, 6, 45), (3, 1, 38), (3, 0, 10), (4, 5, 40), (4, 6, 80), (4, 3, 42), (4, 1, 44), (4, 2, 14), (4, 0, 73), (5, 4, 17), (5, 6, 39), (5, 0, 19), (6, 0, 51), (6, 4, 80), (6, 1, 16), (6, 5, 39), (6, 2, 60), (6, 3, 48)]"
tsp_brute_force,0.025791406631469727,"[0, 1, 2, 3, 5, 6, 4, 0]",154,7,36.0,42,"[(0, 1, 16), (0, 2, 76), (0, 3, 8), (0, 4, 15), (0, 5, 70), (0, 6, 95), (1, 0, 16), (1, 2, 46), (1, 3, 92), (1, 4, 97), (1, 5, 52), (1, 6, 58), (2, 0, 76), (2, 1, 46), (2, 3, 26), (2, 4, 71), (2, 5, 38), (2, 6, 28), (3, 0, 8), (3, 1, 77), (3, 2, 26), (3, 4, 59), (3, 5, 30), (3, 6, 21), (4, 0, 15), (4, 1, 97), (4, 2, 71), (4, 3, 59), (4, 5, 21), (4, 6, 12), (5, 0, 70), (5, 1, 45), (5, 2, 38), (5, 3, 30), (5, 4, 27), (5, 6, 9), (6, 0, 95), (6, 1, 58), (6, 2, 28), (6, 3, 21), (6, 4, 12), (6, 5, 9)]"
tsp_brute_force,0.004960775375366211,,inf,7,10.285714285714285,12,"[(0, 3, 20), (0, 4, 51), (1, 6, 31), (2, 4, 87), (3, 6, 8), (3, 0, 20), (4, 0, 51), (4, 2, 87), (5, 6, 59), (6, 5, 44), (6, 3, 8), (6, 1, 76)]"
tsp_brute_force,0.013393163681030273,"[0, 2, 3, 1, 5, 6, 4, 0]",107,7,29.14285714285714,34,"[(0, 5, 14), (0, 2, 32), (0, 4, 13), (0, 6, 82), (1, 6, 73), (1, 5, 32), (1, 4, 84), (1, 2, 60), (1, 3, 3), (2, 0, 32), (2, 3, 2), (2, 5, 63), (2, 1, 60), (3, 4, 43), (3, 6, 54), (3, 2, 2), (3, 5, 24), (3, 1, 3), (4, 5, 31), (4, 3, 43), (4, 1, 84), (4, 0, 13), (4, 6, 3), (5, 0, 96), (5, 4, 31), (5, 2, 63), (5, 1, 32), (5, 3, 54), (5, 6, 22), (6, 1, 73), (6, 3, 54), (6, 5, 22), (6, 4, 3), (6, 0, 82)]"
tsp_brute_force,0.024303674697875977,"[0, 3, 5, 4, 6, 2, 1, 0]",182,7,36.0,42,"[(0, 1, 8), (0, 2, 43), (0, 3, 23), (0, 4, 30), (0, 5, 54), (0, 6, 56), (1, 0, 8), (1, 2, 59), (1, 3, 90), (1, 4, 18), (1, 5, 49), (1, 6, 65), (2, 0, 44), (2, 1, 6), (2, 3, 34), (2, 4, 54), (2, 5, 68), (2, 6, 42), (3, 0, 23), (3, 1, 90), (3, 2, 61), (3, 4, 59), (3, 5, 16), (3, 6, 80), (4, 0, 30), (4, 1, 18), (4, 2, 54), (4, 3, 59), (4, 5, 72), (4, 6, 33), (5, 0, 54), (5, 1, 49), (5, 2, 68), (5, 3, 16), (5, 4, 28), (5, 6, 57), (6, 0, 55), (6, 1, 44), (6, 2, 68), (6, 3, 80), (6, 4, 33), (6, 5, 57)]"
tsp_brute_force,0.004958391189575195,,inf,7,10.285714285714285,12,"[(0, 4, 100), (1, 2, 59), (2, 5, 59), (2, 1, 59), (3, 4, 51), (3, 6, 78), (4, 0, 100), (4, 5, 48), (4, 3, 51), (5, 4, 48), (5, 2, 59), (6, 3, 78)]"
tsp_brute_force,0.011406898498535156,"[0, 5, 1, 6, 3, 2, 4, 0]",165,7,27.428571428571427,32,"[(0, 4, 35), (0, 2, 100), (0, 5, 25), (0, 1, 47), (1, 5, 2), (1, 6, 10), (1, 2, 66), (1, 3, 91), (1, 4, 31), (1, 0, 47), (2, 4, 45), (2, 1, 9), (2, 6, 62), (2, 0, 100), (2, 3, 69), (3, 6, 13), (3, 5, 87), (3, 1, 33), (3, 4, 83), (3, 2, 69), (4, 2, 13), (4, 6, 15), (4, 0, 1), (4, 1, 31), (4, 3, 83), (5, 3, 87), (5, 1, 2), (5, 0, 25), (6, 3, 13), (6, 4, 15), (6, 1, 10), (6, 2, 62)]"
tsp_brute_force,0.024303436279296875,"[0, 3, 6, 2, 1, 5, 4, 0]",193,7,36.0,42,"[(0, 1, 27), (0, 2, 92), (0, 3, 73), (0, 4, 34), (0, 5, 74), (0, 6, 93), (1, 0, 27), (1, 2, 66), (1, 3, 46), (1, 4, 40), (1, 5, 2), (1, 6, 75), (2, 0, 92), (2, 1, 18), (2, 3, 94), (2, 4, 77), (2, 5, 77), (2, 6, 27), (3, 0, 77), (3, 1, 89), (3, 2, 94), (3, 4, 55), (3, 5, 71), (3, 6, 29), (4, 0, 34), (4, 1, 40), (4, 2, 77), (4, 3, 55), (4, 5, 14), (4, 6, 39), (5, 0, 74), (5, 1, 2), (5, 2, 77), (5, 3, 71), (5, 4, 14), (5, 6, 55), (6, 0, 93), (6, 1, 75), (6, 2, 23), (6, 3, 29), (6, 4, 39), (6, 5, 55)]"
tsp_brute_force,0.004958391189575195,,inf,7,10.285714285714285,12,"[(0, 4, 9), (0, 5, 80), (0, 2, 5), (1, 4, 31), (2, 0, 5), (3, 4, 27), (4, 1, 31), (4, 3, 27), (4, 0, 9), (4, 6, 15), (5, 0, 80), (6, 4, 15)]"
tsp_brute_force,0.011904239654541016,"[0, 5, 4, 3, 6, 1, 2, 0]",177,7,27.428571428571427,32,"[(0, 5, 4), (0, 6, 64), (0, 2, 22), (0, 4, 7), (0, 1, 10), (1, 5, 37), (1, 6, 81), (1, 2, 40), (1, 3, 64), (1, 0, 10), (2, 1, 40), (2, 5, 87), (2, 0, 22), (2, 4, 67), (2, 6, 90), (3, 4, 63), (3, 6, 25), (3, 1, 64), (4, 5, 12), (4, 3, 38), (4, 2, 43), (4, 0, 7), (5, 4, 12), (5, 1, 37), (5, 0, 4), (5, 2, 79), (5, 6, 90), (6, 1, 36), (6, 3, 25), (6, 0, 64), (6, 5, 90), (6, 2, 90)]"
tsp_brute_force,0.024302244186401367,"[0, 5, 4, 1, 2, 3, 6, 0]",132,7,36.0,42,"[(0, 1, 30), (0, 2, 74), (0, 3, 79), (0, 4, 75), (0, 5, 25), (0, 6, 2), (1, 0, 30), (1, 2, 59), (1, 3, 71), (1, 4, 2), (1, 5, 25), (1, 6, 42), (2, 0, 39), (2, 1, 59), (2, 3, 11), (2, 4, 92), (2, 5, 59), (2, 6, 37), (3, 0, 79), (3, 1, 71), (3, 2, 11), (3, 4, 74), (3, 5, 68), (3, 6, 20), (4, 0, 75), (4, 1, 2), (4, 2, 92), (4, 3, 74), (4, 5, 13), (4, 6, 43), (5, 0, 100), (5, 1, 25), (5, 2, 59), (5, 3, 68), (5, 4, 13), (5, 6, 92), (6, 0, 2), (6, 1, 42), (6, 2, 33), (6, 3, 20), (6, 4, 43), (6, 5, 92)]"
tsp_brute_force,0.004960536956787109,,inf,7,10.285714285714285,12,"[(0, 4, 70), (0, 6, 1), (1, 5, 63), (1, 3, 25), (2, 6, 16), (3, 1, 55), (4, 5, 99), (4, 0, 70), (5, 4, 99), (5, 1, 63), (6, 0, 1), (6, 2, 16)]"
tsp_brute_force,0.009919404983520508,"[0, 5, 4, 3, 6, 1, 2, 0]",155,7,24.0,28,"[(0, 5, 29), (0, 2, 2), (0, 4, 100), (0, 6, 68), (1, 3, 45), (1, 6, 60), (1, 2, 28), (1, 4, 72), (2, 0, 2), (2, 1, 63), (2, 5, 32), (3, 1, 45), (3, 6, 1), (3, 4, 17), (4, 5, 58), (4, 0, 100), (4, 3, 17), (4, 6, 92), (4, 1, 72), (5, 0, 29), (5, 4, 18), (5, 6, 45), (5, 2, 8), (6, 5, 45), (6, 3, 1), (6, 1, 60), (6, 4, 92), (6, 0, 68)]"
tsp_brute_force,0.02430438995361328,"[0, 1, 6, 4, 5, 2, 3, 0]",176,7,36.0,42,"[(0, 1, 17), (0, 2, 88), (0, 3, 78), (0, 4, 51), (0, 5, 70), (0, 6, 100), (1, 0, 17), (1, 2, 78), (1, 3, 83), (1, 4, 19), (1, 5, 79), (1, 6, 7), (2, 0, 88), (2, 1, 88), (2, 3, 7), (2, 4, 92), (2, 5, 99), (2, 6, 26), (3, 0, 7), (3, 1, 83), (3, 2, 7), (3, 4, 46), (3, 5, 31), (3, 6, 89), (4, 0, 51), (4, 1, 19), (4, 2, 92), (4, 3, 46), (4, 5, 51), (4, 6, 24), (5, 0, 70), (5, 1, 79), (5, 2, 63), (5, 3, 21), (5, 4, 51), (5, 6, 92), (6, 0, 99), (6, 1, 86), (6, 2, 26), (6, 3, 89), (6, 4, 24), (6, 5, 92)]"
tsp_brute_force,0.004960775375366211,,inf,7,10.285714285714285,12,"[(0, 2, 68), (0, 5, 24), (0, 3, 34), (1, 6, 84), (2, 6, 10), (2, 4, 51), (2, 0, 68), (3, 0, 34), (4, 2, 51), (5, 0, 59), (6, 1, 84), (6, 2, 10)]"
tsp_brute_force,0.011826276779174805,"[0, 5, 1, 3, 2, 4, 6, 0]",225,7,27.428571428571427,32,"[(0, 4, 40), (0, 2, 57), (0, 6, 75), (0, 5, 10), (0, 3, 49), (0, 1, 16), (1, 5, 68), (1, 0, 23), (1, 3, 65), (2, 4, 24), (2, 0, 10), (2, 3, 91), (3, 5, 96), (3, 0, 67), (3, 4, 90), (3, 1, 65), (3, 6, 46), (3, 2, 4), (4, 0, 40), (4, 2, 24), (4, 5, 88), (4, 3, 90), (4, 6, 45), (5, 6, 96), (5, 3, 96), (5, 0, 10), (5, 4, 88), (5, 1, 7), (6, 5, 96), (6, 0, 70), (6, 4, 76), (6, 3, 46)]"
tsp_brute_force,0.02480006217956543,"[0, 6, 3, 4, 5, 2, 1, 0]",233,7,36.0,42,"[(0, 1, 23), (0, 2, 37), (0, 3, 91), (0, 4, 60), (0, 5, 41), (0, 6, 9), (1, 0, 23), (1, 2, 94), (1, 3, 91), (1, 4, 93), (1, 5, 36), (1, 6, 97), (2, 0, 37), (2, 1, 44), (2, 3, 98), (2, 4, 94), (2, 5, 26), (2, 6, 58), (3, 0, 91), (3, 1, 91), (3, 2, 98), (3, 4, 30), (3, 5, 100), (3, 6, 87), (4, 0, 60), (4, 1, 93), (4, 2, 94), (4, 3, 30), (4, 5, 73), (4, 6, 56), (5, 0, 41), (5, 1, 61), (5, 2, 26), (5, 3, 100), (5, 4, 73), (5, 6, 46), (6, 0, 9), (6, 1, 97), (6, 2, 58), (6, 3, 28), (6, 4, 56), (6, 5, 25)]"
tsp_brute_force,0.038687705993652344,,inf,8,12.25,14,"[(0, 3, 42), (0, 7, 81), (1, 2, 82), (1, 6, 26), (1, 4, 52), (2, 1, 82), (2, 3, 41), (3, 2, 41), (3, 0, 42), (4, 1, 52), (4, 5, 12), (5, 4, 12), (6, 1, 26), (7, 0, 81)]"
tsp_brute_force,0.11212372779846191,"[0, 6, 1, 3, 5, 4, 2, 7, 0]",224,8,36.75,42,"[(0, 4, 53), (0, 1, 66), (0, 5, 88), (0, 6, 75), (0, 7, 23), (0, 3, 72), (0, 2, 62), (1, 5, 73), (1, 0, 66), (1, 2, 16), (1, 6, 45), (1, 4, 83), (1, 3, 4), (2, 7, 1), (2, 4, 21), (2, 6, 79), (2, 1, 16), (2, 3, 47), (2, 5, 80), (2, 0, 62), (3, 2, 47), (3, 5, 52), (3, 6, 97), (3, 0, 72), (3, 7, 63), (3, 1, 4), (4, 2, 21), (4, 0, 53), (4, 5, 86), (4, 1, 83), (5, 4, 3), (5, 1, 73), (5, 0, 88), (5, 2, 80), (5, 3, 58), (6, 2, 30), (6, 1, 45), (6, 0, 75), (6, 3, 97), (7, 2, 1), (7, 0, 23), (7, 3, 63)]"
tsp_brute_force,0.2227036952972412,"[0, 6, 1, 7, 2, 5, 3, 4, 0]",258,8,49.0,56,"[(0, 1, 95), (0, 2, 92), (0, 3, 82), (0, 4, 51), (0, 5, 89), (0, 6, 33), (0, 7, 85), (1, 0, 95), (1, 2, 71), (1, 3, 15), (1, 4, 64), (1, 5, 76), (1, 6, 37), (1, 7, 17), (2, 0, 92), (2, 1, 71), (2, 3, 52), (2, 4, 92), (2, 5, 15), (2, 6, 70), (2, 7, 45), (3, 0, 82), (3, 1, 15), (3, 2, 52), (3, 4, 21), (3, 5, 46), (3, 6, 78), (3, 7, 42), (4, 0, 51), (4, 1, 64), (4, 2, 92), (4, 3, 21), (4, 5, 64), (4, 6, 97), (4, 7, 42), (5, 0, 89), (5, 1, 76), (5, 2, 100), (5, 3, 39), (5, 4, 64), (5, 6, 62), (5, 7, 50), (6, 0, 33), (6, 1, 37), (6, 2, 70), (6, 3, 78), (6, 4, 97), (6, 5, 62), (6, 7, 43), (7, 0, 56), (7, 1, 17), (7, 2, 45), (7, 3, 42), (7, 4, 42), (7, 5, 50), (7, 6, 43)]"
tsp_brute_force,0.03868842124938965,,inf,8,12.25,14,"[(0, 4, 99), (1, 5, 45), (1, 4, 48), (1, 3, 33), (1, 6, 72), (2, 7, 71), (3, 1, 33), (4, 1, 48), (4, 0, 99), (5, 1, 45), (6, 1, 11), (6, 7, 74), (7, 6, 74), (7, 2, 71)]"
tsp_brute_force,0.10465598106384277,"[0, 1, 5, 2, 7, 6, 3, 4, 0]",278,8,38.5,44,"[(0, 1, 75), (0, 5, 41), (0, 6, 65), (0, 4, 48), (1, 0, 75), (1, 3, 65), (1, 2, 85), (1, 5, 33), (1, 6, 30), (1, 4, 76), (2, 4, 73), (2, 1, 86), (2, 5, 30), (2, 6, 47), (2, 7, 25), (3, 6, 44), (3, 1, 65), (3, 4, 45), (3, 5, 71), (4, 6, 13), (4, 5, 19), (4, 2, 73), (4, 3, 45), (4, 7, 87), (4, 0, 15), (4, 1, 76), (5, 7, 56), (5, 4, 23), (5, 0, 41), (5, 6, 53), (5, 1, 33), (5, 2, 30), (5, 3, 71), (6, 7, 53), (6, 4, 13), (6, 3, 2), (6, 0, 65), (6, 5, 53), (6, 2, 75), (6, 1, 18), (7, 6, 53), (7, 5, 56), (7, 4, 49), (7, 2, 65)]"
tsp_brute_force,0.22617626190185547,"[0, 5, 6, 2, 1, 7, 3, 4, 0]",215,8,49.0,56,"[(0, 1, 63), (0, 2, 96), (0, 3, 75), (0, 4, 56), (0, 5, 40), (0, 6, 65), (0, 7, 89), (1, 0, 63), (1, 2, 34), (1, 3, 25), (1, 4, 95), (1, 5, 60), (1, 6, 46), (1, 7, 30), (2, 0, 96), (2, 1, 6), (2, 3, 73), (2, 4, 40), (2, 5, 32), (2, 6, 22), (2, 7, 36), (3, 0, 75), (3, 1, 25), (3, 2, 73), (3, 4, 9), (3, 5, 5), (3, 6, 72), (3, 7, 27), (4, 0, 56), (4, 1, 40), (4, 2, 40), (4, 3, 9), (4, 5, 35), (4, 6, 79), (4, 7, 69), (5, 0, 40), (5, 1, 60), (5, 2, 32), (5, 3, 12), (5, 4, 35), (5, 6, 25), (5, 7, 96), (6, 0, 65), (6, 1, 81), (6, 2, 22), (6, 3, 72), (6, 4, 20), (6, 5, 25), (6, 7, 24), (7, 0, 89), (7, 1, 30), (7, 2, 36), (7, 3, 27), (7, 4, 69), (7, 5, 96), (7, 6, 24)]"
tsp_brute_force,0.04067230224609375,,inf,8,12.25,14,"[(0, 5, 50), (1, 6, 89), (1, 7, 74), (1, 3, 22), (1, 2, 87), (2, 1, 58), (2, 4, 44), (3, 1, 29), (3, 5, 32), (4, 2, 44), (5, 3, 32), (5, 0, 50), (6, 1, 89), (7, 1, 74)]"
tsp_brute_force,0.09820699691772461,"[0, 1, 7, 6, 4, 5, 3, 2, 0]",329,8,36.75,42,"[(0, 1, 87), (0, 6, 77), (0, 3, 23), (0, 2, 71), (0, 5, 99), (1, 0, 87), (1, 3, 68), (1, 5, 94), (1, 7, 63), (2, 3, 87), (2, 4, 64), (2, 6, 70), (2, 7, 48), (2, 0, 71), (3, 1, 68), (3, 2, 48), (3, 5, 67), (3, 4, 81), (3, 6, 99), (3, 0, 23), (3, 7, 54), (4, 7, 79), (4, 2, 64), (4, 6, 31), (4, 5, 1), (4, 3, 81), (5, 7, 83), (5, 1, 94), (5, 3, 24), (5, 4, 1), (5, 0, 99), (6, 2, 69), (6, 0, 77), (6, 4, 31), (6, 3, 99), (6, 7, 4), (7, 4, 79), (7, 5, 60), (7, 6, 4), (7, 3, 54), (7, 1, 63), (7, 2, 48)]"
tsp_brute_force,0.22518467903137207,"[0, 7, 4, 1, 2, 3, 5, 6, 0]",204,8,49.0,56,"[(0, 1, 89), (0, 2, 84), (0, 3, 36), (0, 4, 46), (0, 5, 13), (0, 6, 2), (0, 7, 7), (1, 0, 89), (1, 2, 59), (1, 3, 16), (1, 4, 27), (1, 5, 55), (1, 6, 83), (1, 7, 40), (2, 0, 84), (2, 1, 59), (2, 3, 58), (2, 4, 93), (2, 5, 59), (2, 6, 90), (2, 7, 59), (3, 0, 36), (3, 1, 16), (3, 2, 58), (3, 4, 51), (3, 5, 6), (3, 6, 71), (3, 7, 14), (4, 0, 46), (4, 1, 27), (4, 2, 93), (4, 3, 51), (4, 5, 70), (4, 6, 40), (4, 7, 40), (5, 0, 43), (5, 1, 55), (5, 2, 59), (5, 3, 6), (5, 4, 70), (5, 6, 5), (5, 7, 34), (6, 0, 2), (6, 1, 83), (6, 2, 90), (6, 3, 98), (6, 4, 40), (6, 5, 40), (6, 7, 23), (7, 0, 7), (7, 1, 40), (7, 2, 59), (7, 3, 14), (7, 4, 40), (7, 5, 34), (7, 6, 23)]"
tsp_brute_force,0.039679765701293945,,inf,8,12.25,14,"[(0, 4, 25), (1, 2, 33), (1, 3, 85), (2, 1, 33), (3, 1, 85), (3, 6, 39), (3, 4, 40), (3, 7, 60), (4, 3, 40), (4, 0, 25), (5, 6, 80), (6, 3, 39), (6, 5, 34), (7, 3, 60)]"
tsp_brute_force,0.09523200988769531,"[0, 2, 1, 5, 7, 6, 4, 3, 0]",285,8,36.75,42,"[(0, 6, 69), (0, 4, 71), (0, 3, 40), (0, 2, 35), (1, 5, 19), (1, 2, 60), (1, 6, 99), (2, 5, 16), (2, 4, 21), (2, 1, 60), (2, 7, 47), (2, 3, 5), (2, 0, 35), (2, 6, 25), (3, 6, 40), (3, 5, 54), (3, 4, 33), (3, 0, 40), (3, 2, 40), (3, 7, 72), (4, 2, 45), (4, 5, 36), (4, 3, 33), (4, 0, 71), (4, 6, 77), (5, 1, 19), (5, 2, 59), (5, 3, 96), (5, 7, 48), (5, 4, 36), (5, 6, 57), (6, 3, 40), (6, 7, 5), (6, 0, 69), (6, 1, 99), (6, 5, 57), (6, 2, 25), (6, 4, 45), (7, 6, 5), (7, 5, 48), (7, 2, 47), (7, 3, 72)]"
tsp_brute_force,0.2207188606262207,"[0, 4, 5, 2, 3, 1, 7, 6, 0]",189,8,49.0,56,"[(0, 1, 19), (0, 2, 96), (0, 3, 20), (0, 4, 54), (0, 5, 66), (0, 6, 6), (0, 7, 28), (1, 0, 28), (1, 2, 78), (1, 3, 18), (1, 4, 60), (1, 5, 69), (1, 6, 30), (1, 7, 16), (2, 0, 96), (2, 1, 78), (2, 3, 56), (2, 4, 84), (2, 5, 20), (2, 6, 59), (2, 7, 70), (3, 0, 20), (3, 1, 18), (3, 2, 56), (3, 4, 41), (3, 5, 81), (3, 6, 62), (3, 7, 37), (4, 0, 54), (4, 1, 60), (4, 2, 84), (4, 3, 69), (4, 5, 18), (4, 6, 44), (4, 7, 70), (5, 0, 66), (5, 1, 69), (5, 2, 20), (5, 3, 81), (5, 4, 67), (5, 6, 99), (5, 7, 77), (6, 0, 6), (6, 1, 30), (6, 2, 59), (6, 3, 62), (6, 4, 44), (6, 5, 99), (6, 7, 1), (7, 0, 28), (7, 1, 32), (7, 2, 70), (7, 3, 37), (7, 4, 70), (7, 5, 77), (7, 6, 1)]"
tsp_brute_force,0.04414558410644531,,inf,8,12.25,14,"[(0, 5, 38), (0, 2, 37), (1, 5, 25), (1, 4, 17), (2, 0, 37), (2, 6, 55), (2, 3, 56), (3, 2, 56), (4, 1, 17), (5, 1, 25), (5, 0, 38), (6, 2, 55), (6, 7, 1), (7, 6, 1)]"
tsp_brute_force,0.09622335433959961,"[0, 6, 5, 2, 4, 3, 7, 1, 0]",232,8,36.75,42,"[(0, 4, 19), (0, 3, 87), (0, 5, 62), (0, 7, 89), (0, 1, 32), (0, 6, 32), (1, 7, 54), (1, 6, 71), (1, 0, 32), (1, 3, 92), (1, 5, 83), (2, 4, 23), (2, 6, 98), (2, 5, 92), (3, 0, 87), (3, 7, 13), (3, 5, 48), (3, 6, 100), (3, 1, 92), (3, 4, 7), (4, 0, 19), (4, 2, 20), (4, 3, 7), (4, 5, 68), (5, 3, 7), (5, 6, 5), (5, 7, 90), (5, 0, 62), (5, 1, 83), (5, 4, 68), (5, 2, 66), (6, 5, 5), (6, 2, 98), (6, 1, 71), (6, 3, 100), (6, 7, 49), (6, 0, 32), (7, 1, 54), (7, 3, 13), (7, 5, 90), (7, 6, 49), (7, 0, 89)]"
tsp_brute_force,0.22220873832702637,"[0, 7, 1, 3, 4, 5, 6, 2, 0]",196,8,49.0,56,"[(0, 1, 86), (0, 2, 3), (0, 3, 82), (0, 4, 84), (0, 5, 61), (0, 6, 69), (0, 7, 21), (1, 0, 53), (1, 2, 90), (1, 3, 40), (1, 4, 61), (1, 5, 44), (1, 6, 72), (1, 7, 18), (2, 0, 3), (2, 1, 90), (2, 3, 48), (2, 4, 31), (2, 5, 40), (2, 6, 90), (2, 7, 89), (3, 0, 82), (3, 1, 40), (3, 2, 48), (3, 4, 12), (3, 5, 83), (3, 6, 93), (3, 7, 6), (4, 0, 68), (4, 1, 61), (4, 2, 55), (4, 3, 24), (4, 5, 43), (4, 6, 48), (4, 7, 54), (5, 0, 61), (5, 1, 43), (5, 2, 40), (5, 3, 83), (5, 4, 43), (5, 6, 38), (5, 7, 12), (6, 0, 69), (6, 1, 72), (6, 2, 21), (6, 3, 35), (6, 4, 48), (6, 5, 38), (6, 7, 42), (7, 0, 21), (7, 1, 18), (7, 2, 59), (7, 3, 50), (7, 4, 54), (7, 5, 12), (7, 6, 42)]"
tsp_brute_force,0.03868699073791504,,inf,8,12.25,14,"[(0, 3, 64), (1, 5, 34), (1, 2, 91), (1, 6, 15), (2, 1, 91), (3, 5, 23), (3, 0, 64), (4, 7, 33), (5, 3, 23), (5, 7, 79), (5, 1, 6), (6, 1, 6), (7, 5, 79), (7, 4, 33)]"
tsp_brute_force,0.08779144287109375,"[0, 3, 7, 2, 5, 4, 6, 1, 0]",144,8,35.0,40,"[(0, 5, 51), (0, 6, 90), (0, 1, 38), (0, 2, 70), (0, 3, 12), (0, 4, 28), (1, 7, 74), (1, 3, 47), (1, 6, 70), (1, 4, 6), (1, 2, 15), (1, 0, 38), (2, 3, 95), (2, 5, 2), (2, 7, 17), (2, 1, 15), (2, 6, 1), (2, 0, 70), (3, 2, 95), (3, 1, 47), (3, 7, 40), (3, 5, 45), (3, 0, 12), (4, 7, 32), (4, 5, 25), (4, 1, 6), (4, 0, 28), (4, 6, 4), (5, 2, 74), (5, 4, 25), (5, 0, 51), (5, 3, 45), (6, 1, 6), (6, 0, 90), (6, 2, 1), (6, 4, 4), (7, 4, 32), (7, 1, 47), (7, 3, 40), (7, 2, 17)]"
tsp_brute_force,0.22617602348327637,"[0, 5, 6, 1, 3, 7, 4, 2, 0]",244,8,49.0,56,"[(0, 1, 55), (0, 2, 39), (0, 3, 21), (0, 4, 96), (0, 5, 2), (0, 6, 93), (0, 7, 46), (1, 0, 55), (1, 2, 84), (1, 3, 29), (1, 4, 41), (1, 5, 26), (1, 6, 55), (1, 7, 58), (2, 0, 39), (2, 1, 84), (2, 3, 32), (2, 4, 44), (2, 5, 71), (2, 6, 95), (2, 7, 85), (3, 0, 80), (3, 1, 29), (3, 2, 32), (3, 4, 55), (3, 5, 99), (3, 6, 87), (3, 7, 29), (4, 0, 96), (4, 1, 41), (4, 2, 37), (4, 3, 55), (4, 5, 70), (4, 6, 99), (4, 7, 33), (5, 0, 2), (5, 1, 26), (5, 2, 71), (5, 3, 47), (5, 4, 70), (5, 6, 20), (5, 7, 87), (6, 0, 37), (6, 1, 55), (6, 2, 95), (6, 3, 87), (6, 4, 99), (6, 5, 43), (6, 7, 65), (7, 0, 46), (7, 1, 58), (7, 2, 85), (7, 3, 29), (7, 4, 33), (7, 5, 87), (7, 6, 65)]"
tsp_brute_force,0.03868818283081055,,inf,8,12.25,14,"[(0, 2, 74), (0, 7, 69), (0, 1, 98), (1, 0, 98), (1, 5, 92), (1, 4, 41), (2, 3, 74), (2, 0, 74), (3, 2, 58), (4, 1, 41), (5, 1, 92), (5, 6, 4), (6, 5, 81), (7, 0, 69)]"
tsp_brute_force,0.10465621948242188,"[0, 4, 2, 3, 7, 1, 6, 5, 0]",328,8,38.5,44,"[(0, 6, 48), (0, 5, 20), (0, 4, 39), (0, 7, 71), (0, 3, 100), (0, 1, 63), (1, 5, 74), (1, 7, 33), (1, 6, 34), (1, 4, 95), (1, 0, 33), (2, 3, 53), (2, 4, 43), (3, 2, 53), (3, 0, 100), (3, 5, 74), (3, 7, 12), (3, 4, 1), (3, 6, 96), (4, 0, 71), (4, 2, 43), (4, 1, 95), (4, 7, 30), (4, 3, 1), (4, 6, 61), (4, 5, 87), (5, 1, 74), (5, 0, 20), (5, 6, 94), (5, 7, 77), (5, 3, 74), (5, 4, 93), (6, 0, 48), (6, 1, 34), (6, 5, 94), (6, 7, 97), (6, 3, 96), (6, 4, 61), (7, 1, 33), (7, 0, 71), (7, 5, 77), (7, 6, 97), (7, 4, 30), (7, 3, 12)]"
tsp_brute_force,0.22022342681884766,"[0, 3, 1, 5, 4, 6, 7, 2, 0]",113,8,49.0,56,"[(0, 1, 90), (0, 2, 35), (0, 3, 29), (0, 4, 53), (0, 5, 47), (0, 6, 93), (0, 7, 97), (1, 0, 90), (1, 2, 52), (1, 3, 1), (1, 4, 83), (1, 5, 8), (1, 6, 87), (1, 7, 28), (2, 0, 35), (2, 1, 66), (2, 3, 26), (2, 4, 40), (2, 5, 32), (2, 6, 64), (2, 7, 23), (3, 0, 48), (3, 1, 1), (3, 2, 13), (3, 4, 8), (3, 5, 21), (3, 6, 71), (3, 7, 39), (4, 0, 66), (4, 1, 77), (4, 2, 2), (4, 3, 66), (4, 5, 74), (4, 6, 2), (4, 7, 11), (5, 0, 47), (5, 1, 8), (5, 2, 32), (5, 3, 27), (5, 4, 12), (5, 6, 38), (5, 7, 77), (6, 0, 93), (6, 1, 87), (6, 2, 64), (6, 3, 34), (6, 4, 2), (6, 5, 64), (6, 7, 3), (7, 0, 97), (7, 1, 28), (7, 2, 23), (7, 3, 39), (7, 4, 11), (7, 5, 9), (7, 6, 5)]"
tsp_brute_force,0.03819131851196289,,inf,8,12.25,14,"[(0, 6, 30), (0, 3, 53), (1, 7, 80), (2, 3, 82), (3, 0, 70), (3, 2, 82), (4, 6, 55), (5, 6, 85), (6, 5, 85), (6, 4, 23), (6, 0, 30), (6, 7, 12), (7, 6, 12), (7, 1, 80)]"
tsp_brute_force,0.09920048713684082,"[0, 3, 4, 2, 1, 7, 5, 6, 0]",307,8,36.75,42,"[(0, 3, 68), (0, 5, 79), (0, 2, 85), (0, 1, 85), (0, 7, 16), (0, 6, 57), (1, 7, 14), (1, 5, 66), (1, 3, 84), (1, 0, 85), (1, 2, 8), (2, 4, 47), (2, 7, 49), (2, 0, 85), (2, 3, 80), (2, 5, 66), (2, 6, 69), (2, 1, 44), (3, 0, 68), (3, 5, 83), (3, 2, 69), (3, 4, 17), (3, 1, 84), (3, 7, 40), (3, 6, 80), (4, 2, 8), (4, 3, 17), (5, 3, 83), (5, 0, 79), (5, 1, 66), (5, 2, 66), (5, 7, 28), (5, 6, 71), (6, 5, 97), (6, 2, 69), (6, 3, 80), (6, 0, 57), (7, 1, 14), (7, 2, 49), (7, 5, 28), (7, 3, 40), (7, 0, 16)]"
tsp_brute_force,0.22468781471252441,"[0, 2, 3, 5, 1, 7, 6, 4, 0]",150,8,49.0,56,"[(0, 1, 90), (0, 2, 19), (0, 3, 12), (0, 4, 71), (0, 5, 83), (0, 6, 49), (0, 7, 52), (1, 0, 90), (1, 2, 54), (1, 3, 31), (1, 4, 87), (1, 5, 66), (1, 6, 64), (1, 7, 25), (2, 0, 95), (2, 1, 54), (2, 3, 1), (2, 4, 64), (2, 5, 83), (2, 6, 15), (2, 7, 100), (3, 0, 12), (3, 1, 31), (3, 2, 1), (3, 4, 44), (3, 5, 57), (3, 6, 36), (3, 7, 16), (4, 0, 13), (4, 1, 87), (4, 2, 64), (4, 3, 37), (4, 5, 56), (4, 6, 12), (4, 7, 78), (5, 0, 83), (5, 1, 16), (5, 2, 83), (5, 3, 57), (5, 4, 56), (5, 6, 41), (5, 7, 94), (6, 0, 49), (6, 1, 64), (6, 2, 15), (6, 3, 36), (6, 4, 12), (6, 5, 41), (6, 7, 7), (7, 0, 52), (7, 1, 25), (7, 2, 100), (7, 3, 18), (7, 4, 80), (7, 5, 94), (7, 6, 7)]"
tsp_brute_force,0.03769707679748535,,inf,8,12.25,14,"[(0, 1, 68), (0, 7, 69), (1, 0, 64), (1, 5, 68), (2, 7, 23), (3, 5, 72), (4, 6, 84), (5, 1, 68), (5, 3, 72), (6, 7, 11), (6, 4, 92), (7, 0, 21), (7, 2, 23), (7, 6, 11)]"
tsp_brute_force,0.08580827713012695,"[0, 3, 1, 2, 6, 7, 5, 4, 0]",186,8,35.0,40,"[(0, 3, 84), (0, 4, 11), (0, 7, 16), (1, 3, 76), (1, 2, 2), (1, 5, 83), (1, 7, 48), (2, 5, 74), (2, 7, 71), (2, 1, 2), (2, 3, 24), (2, 6, 39), (2, 4, 68), (3, 1, 29), (3, 0, 84), (3, 7, 86), (3, 2, 24), (3, 6, 54), (4, 5, 15), (4, 0, 11), (4, 6, 28), (4, 7, 3), (4, 2, 68), (5, 2, 56), (5, 6, 43), (5, 4, 15), (5, 1, 83), (5, 7, 4), (6, 5, 43), (6, 4, 28), (6, 7, 2), (6, 3, 54), (6, 2, 42), (7, 2, 71), (7, 3, 88), (7, 6, 2), (7, 4, 3), (7, 0, 16), (7, 5, 4), (7, 1, 48)]"
tsp_brute_force,0.22319984436035156,"[0, 4, 2, 6, 3, 7, 1, 5, 0]",286,8,49.0,56,"[(0, 1, 76), (0, 2, 70), (0, 3, 59), (0, 4, 49), (0, 5, 56), (0, 6, 65), (0, 7, 55), (1, 0, 66), (1, 2, 92), (1, 3, 81), (1, 4, 76), (1, 5, 14), (1, 6, 66), (1, 7, 30), (2, 0, 70), (2, 1, 92), (2, 3, 94), (2, 4, 10), (2, 5, 22), (2, 6, 55), (2, 7, 89), (3, 0, 94), (3, 1, 81), (3, 2, 94), (3, 4, 79), (3, 5, 44), (3, 6, 88), (3, 7, 35), (4, 0, 49), (4, 1, 76), (4, 2, 10), (4, 3, 79), (4, 5, 32), (4, 6, 64), (4, 7, 52), (5, 0, 31), (5, 1, 14), (5, 2, 22), (5, 3, 44), (5, 4, 32), (5, 6, 64), (5, 7, 82), (6, 0, 65), (6, 1, 66), (6, 2, 55), (6, 3, 62), (6, 4, 64), (6, 5, 64), (6, 7, 39), (7, 0, 55), (7, 1, 30), (7, 2, 89), (7, 3, 35), (7, 4, 52), (7, 5, 82), (7, 6, 39)]"
tsp_brute_force,0.03871560096740723,,inf,8,12.25,14,"[(0, 2, 35), (1, 3, 23), (1, 2, 35), (1, 4, 56), (2, 1, 35), (2, 6, 71), (2, 0, 35), (3, 1, 23), (4, 1, 56), (5, 6, 68), (6, 2, 71), (6, 7, 72), (6, 5, 99), (7, 6, 72)]"
tsp_brute_force,0.11705636978149414,"[0, 4, 6, 1, 3, 5, 7, 2, 0]",166,8,40.25,46,"[(0, 2, 46), (0, 3, 54), (0, 1, 33), (0, 5, 11), (0, 4, 3), (1, 0, 33), (1, 3, 39), (1, 2, 71), (1, 6, 69), (1, 5, 78), (1, 4, 100), (1, 7, 50), (2, 7, 12), (2, 0, 46), (2, 5, 9), (2, 1, 71), (2, 3, 65), (2, 4, 83), (3, 4, 23), (3, 6, 96), (3, 0, 54), (3, 1, 72), (3, 5, 15), (3, 2, 65), (4, 3, 23), (4, 6, 5), (4, 0, 3), (4, 5, 51), (4, 2, 43), (4, 1, 100), (5, 6, 50), (5, 2, 9), (5, 0, 11), (5, 1, 78), (5, 4, 51), (5, 3, 82), (5, 7, 16), (6, 7, 81), (6, 5, 50), (6, 3, 52), (6, 1, 30), (6, 4, 5), (7, 6, 81), (7, 2, 12), (7, 5, 16), (7, 1, 50)]"
tsp_brute_force,0.2217109203338623,"[0, 7, 1, 5, 6, 3, 4, 2, 0]",148,8,49.0,56,"[(0, 1, 78), (0, 2, 13), (0, 3, 41), (0, 4, 95), (0, 5, 76), (0, 6, 28), (0, 7, 19), (1, 0, 83), (1, 2, 26), (1, 3, 81), (1, 4, 57), (1, 5, 2), (1, 6, 99), (1, 7, 41), (2, 0, 17), (2, 1, 26), (2, 3, 71), (2, 4, 46), (2, 5, 41), (2, 6, 69), (2, 7, 59), (3, 0, 41), (3, 1, 90), (3, 2, 71), (3, 4, 19), (3, 5, 58), (3, 6, 27), (3, 7, 33), (4, 0, 95), (4, 1, 57), (4, 2, 46), (4, 3, 19), (4, 5, 58), (4, 6, 51), (4, 7, 79), (5, 0, 76), (5, 1, 2), (5, 2, 41), (5, 3, 58), (5, 4, 58), (5, 6, 16), (5, 7, 23), (6, 0, 28), (6, 1, 99), (6, 2, 69), (6, 3, 27), (6, 4, 51), (6, 5, 16), (6, 7, 89), (7, 0, 19), (7, 1, 2), (7, 2, 59), (7, 3, 37), (7, 4, 79), (7, 5, 23), (7, 6, 89)]"
tsp_brute_force,0.34273672103881836,,inf,9,14.222222222222221,16,"[(0, 8, 76), (0, 2, 68), (0, 1, 54), (0, 5, 79), (0, 6, 21), (1, 0, 35), (1, 4, 78), (2, 0, 68), (2, 7, 35), (3, 7, 53), (4, 1, 78), (5, 0, 81), (6, 0, 21), (7, 2, 35), (7, 3, 53), (8, 0, 76)]"
tsp_brute_force,1.2767012119293213,"[0, 4, 8, 7, 2, 6, 3, 1, 5, 0]",259,9,55.111111111111114,62,"[(0, 7, 80), (0, 2, 60), (0, 5, 43), (0, 4, 12), (0, 6, 55), (0, 3, 74), (0, 8, 50), (1, 8, 62), (1, 5, 19), (1, 4, 75), (1, 6, 95), (1, 3, 10), (1, 7, 34), (1, 2, 75), (2, 4, 92), (2, 6, 68), (2, 3, 57), (2, 0, 60), (2, 1, 75), (2, 7, 41), (3, 5, 82), (3, 1, 10), (3, 2, 57), (3, 7, 92), (3, 8, 90), (3, 0, 18), (3, 6, 15), (4, 2, 92), (4, 1, 66), (4, 6, 50), (4, 8, 41), (4, 5, 14), (4, 0, 12), (4, 7, 48), (5, 1, 19), (5, 3, 82), (5, 6, 97), (5, 4, 14), (5, 0, 18), (5, 8, 63), (6, 8, 73), (6, 1, 95), (6, 5, 97), (6, 7, 29), (6, 2, 68), (6, 4, 50), (6, 0, 55), (6, 3, 15), (7, 0, 14), (7, 8, 45), (7, 6, 64), (7, 1, 34), (7, 3, 56), (7, 2, 41), (7, 4, 79), (8, 1, 62), (8, 6, 73), (8, 7, 35), (8, 4, 41), (8, 3, 90), (8, 0, 50), (8, 5, 99)]"
tsp_brute_force,2.220590591430664,"[0, 1, 5, 8, 7, 2, 6, 3, 4, 0]",185,9,64.0,72,"[(0, 1, 28), (0, 2, 62), (0, 3, 17), (0, 4, 1), (0, 5, 49), (0, 6, 49), (0, 7, 43), (0, 8, 9), (1, 0, 28), (1, 2, 97), (1, 3, 70), (1, 4, 94), (1, 5, 7), (1, 6, 6), (1, 7, 67), (1, 8, 53), (2, 0, 51), (2, 1, 97), (2, 3, 67), (2, 4, 73), (2, 5, 43), (2, 6, 43), (2, 7, 84), (2, 8, 80), (3, 0, 17), (3, 1, 18), (3, 2, 67), (3, 4, 5), (3, 5, 39), (3, 6, 16), (3, 7, 63), (3, 8, 81), (4, 0, 1), (4, 1, 94), (4, 2, 73), (4, 3, 65), (4, 5, 88), (4, 6, 84), (4, 7, 55), (4, 8, 23), (5, 0, 49), (5, 1, 65), (5, 2, 43), (5, 3, 39), (5, 4, 88), (5, 6, 78), (5, 7, 35), (5, 8, 9), (6, 0, 21), (6, 1, 6), (6, 2, 37), (6, 3, 16), (6, 4, 58), (6, 5, 78), (6, 7, 28), (6, 8, 46), (7, 0, 43), (7, 1, 67), (7, 2, 41), (7, 3, 63), (7, 4, 55), (7, 5, 34), (7, 6, 28), (7, 8, 15), (8, 0, 9), (8, 1, 53), (8, 2, 80), (8, 3, 81), (8, 4, 23), (8, 5, 9), (8, 6, 46), (8, 7, 35)]"
tsp_brute_force,0.3402550220489502,,inf,9,14.222222222222221,16,"[(0, 7, 36), (0, 5, 40), (0, 4, 7), (1, 2, 64), (1, 3, 17), (2, 1, 64), (2, 6, 52), (3, 1, 17), (4, 0, 100), (5, 0, 40), (6, 2, 52), (6, 8, 18), (7, 8, 52), (7, 0, 36), (8, 6, 18), (8, 7, 52)]"
tsp_brute_force,0.8327841758728027,"[0, 8, 6, 3, 1, 5, 4, 7, 2, 0]",258,9,46.22222222222222,52,"[(0, 6, 20), (0, 5, 28), (0, 3, 44), (0, 4, 66), (0, 8, 37), (0, 7, 81), (0, 2, 26), (1, 6, 7), (1, 3, 39), (1, 4, 44), (1, 5, 24), (2, 5, 66), (2, 8, 56), (2, 0, 26), (2, 7, 30), (2, 4, 95), (3, 0, 80), (3, 7, 95), (3, 6, 39), (3, 4, 68), (3, 1, 39), (3, 8, 65), (4, 8, 57), (4, 0, 66), (4, 3, 68), (4, 7, 56), (4, 1, 44), (4, 2, 95), (4, 5, 6), (5, 0, 28), (5, 2, 66), (5, 7, 49), (5, 1, 39), (5, 4, 6), (6, 0, 20), (6, 7, 35), (6, 3, 39), (6, 1, 7), (6, 8, 1), (7, 6, 35), (7, 3, 95), (7, 4, 56), (7, 0, 81), (7, 5, 49), (7, 8, 84), (7, 2, 30), (8, 4, 57), (8, 2, 56), (8, 0, 37), (8, 3, 65), (8, 7, 84), (8, 6, 1)]"
tsp_brute_force,2.208685874938965,"[0, 2, 1, 3, 7, 4, 6, 5, 8, 0]",225,9,64.0,72,"[(0, 1, 47), (0, 2, 6), (0, 3, 49), (0, 4, 58), (0, 5, 92), (0, 6, 100), (0, 7, 77), (0, 8, 32), (1, 0, 47), (1, 2, 84), (1, 3, 67), (1, 4, 36), (1, 5, 98), (1, 6, 72), (1, 7, 51), (1, 8, 74), (2, 0, 6), (2, 1, 37), (2, 3, 66), (2, 4, 34), (2, 5, 61), (2, 6, 19), (2, 7, 73), (2, 8, 35), (3, 0, 49), (3, 1, 46), (3, 2, 66), (3, 4, 26), (3, 5, 60), (3, 6, 75), (3, 7, 20), (3, 8, 44), (4, 0, 83), (4, 1, 36), (4, 2, 34), (4, 3, 26), (4, 5, 47), (4, 6, 6), (4, 7, 22), (4, 8, 76), (5, 0, 92), (5, 1, 98), (5, 2, 61), (5, 3, 60), (5, 4, 47), (5, 6, 10), (5, 7, 83), (5, 8, 25), (6, 0, 100), (6, 1, 72), (6, 2, 19), (6, 3, 75), (6, 4, 6), (6, 5, 10), (6, 7, 70), (6, 8, 25), (7, 0, 77), (7, 1, 93), (7, 2, 73), (7, 3, 32), (7, 4, 22), (7, 5, 83), (7, 6, 70), (7, 8, 100), (8, 0, 32), (8, 1, 74), (8, 2, 35), (8, 3, 44), (8, 4, 76), (8, 5, 25), (8, 6, 25), (8, 7, 100)]"
tsp_brute_force,0.33975982666015625,,inf,9,14.222222222222221,16,"[(0, 5, 64), (1, 7, 23), (1, 4, 16), (2, 5, 12), (2, 8, 75), (2, 3, 68), (3, 2, 68), (4, 1, 16), (5, 0, 64), (5, 2, 12), (5, 7, 67), (6, 7, 19), (7, 5, 67), (7, 6, 19), (7, 1, 54), (8, 2, 75)]"
tsp_brute_force,0.8922998905181885,"[0, 3, 2, 5, 8, 7, 1, 4, 6, 0]",246,9,48.0,54,"[(0, 6, 47), (0, 5, 96), (0, 3, 27), (0, 1, 63), (0, 4, 70), (1, 7, 22), (1, 5, 16), (1, 2, 25), (1, 4, 16), (1, 0, 63), (2, 5, 31), (2, 6, 42), (2, 8, 19), (2, 3, 35), (2, 7, 84), (2, 1, 25), (3, 7, 57), (3, 2, 35), (3, 6, 63), (3, 8, 46), (3, 0, 91), (3, 5, 79), (4, 8, 21), (4, 6, 43), (4, 7, 85), (4, 1, 16), (4, 0, 70), (5, 2, 31), (5, 1, 16), (5, 7, 65), (5, 8, 14), (5, 0, 96), (5, 6, 66), (5, 3, 79), (6, 0, 16), (6, 7, 67), (6, 2, 42), (6, 8, 14), (6, 4, 43), (6, 3, 18), (6, 5, 84), (7, 8, 42), (7, 3, 57), (7, 1, 22), (7, 6, 67), (7, 2, 84), (7, 5, 65), (7, 4, 85), (8, 4, 21), (8, 7, 42), (8, 2, 67), (8, 6, 14), (8, 5, 29), (8, 3, 46)]"
tsp_brute_force,2.1972780227661133,"[0, 8, 1, 2, 4, 3, 6, 7, 5, 0]",119,9,64.0,72,"[(0, 1, 6), (0, 2, 8), (0, 3, 96), (0, 4, 6), (0, 5, 85), (0, 6, 54), (0, 7, 38), (0, 8, 3), (1, 0, 68), (1, 2, 15), (1, 3, 17), (1, 4, 39), (1, 5, 57), (1, 6, 55), (1, 7, 76), (1, 8, 15), (2, 0, 8), (2, 1, 72), (2, 3, 74), (2, 4, 9), (2, 5, 25), (2, 6, 53), (2, 7, 84), (2, 8, 75), (3, 0, 96), (3, 1, 42), (3, 2, 74), (3, 4, 42), (3, 5, 63), (3, 6, 1), (3, 7, 95), (3, 8, 79), (4, 0, 45), (4, 1, 39), (4, 2, 26), (4, 3, 5), (4, 5, 90), (4, 6, 27), (4, 7, 39), (4, 8, 79), (5, 0, 27), (5, 1, 57), (5, 2, 25), (5, 3, 63), (5, 4, 90), (5, 6, 13), (5, 7, 30), (5, 8, 76), (6, 0, 54), (6, 1, 84), (6, 2, 87), (6, 3, 1), (6, 4, 74), (6, 5, 13), (6, 7, 14), (6, 8, 8), (7, 0, 38), (7, 1, 76), (7, 2, 84), (7, 3, 95), (7, 4, 39), (7, 5, 30), (7, 6, 14), (7, 8, 74), (8, 0, 3), (8, 1, 15), (8, 2, 75), (8, 3, 79), (8, 4, 79), (8, 5, 76), (8, 6, 8), (8, 7, 74)]"
tsp_brute_force,0.33976030349731445,,inf,9,14.222222222222221,16,"[(0, 4, 9), (0, 1, 11), (0, 6, 40), (1, 0, 11), (1, 7, 5), (2, 7, 50), (3, 6, 16), (3, 8, 66), (4, 0, 9), (5, 8, 3), (6, 0, 40), (6, 3, 16), (7, 1, 68), (7, 2, 50), (8, 3, 66), (8, 5, 3)]"
tsp_brute_force,0.8932945728302002,"[0, 3, 6, 2, 7, 1, 8, 5, 4, 0]",340,9,48.0,54,"[(0, 2, 17), (0, 4, 36), (0, 8, 41), (0, 5, 74), (0, 7, 66), (0, 3, 18), (1, 6, 75), (1, 2, 81), (1, 5, 67), (1, 3, 91), (1, 7, 16), (1, 8, 40), (2, 0, 68), (2, 6, 23), (2, 7, 41), (2, 8, 45), (2, 5, 62), (2, 1, 81), (2, 3, 90), (2, 4, 69), (3, 8, 66), (3, 7, 92), (3, 1, 91), (3, 6, 70), (3, 0, 45), (3, 2, 90), (4, 6, 93), (4, 5, 38), (4, 0, 36), (4, 8, 52), (4, 2, 69), (5, 4, 38), (5, 2, 62), (5, 0, 74), (5, 6, 37), (5, 1, 67), (5, 8, 58), (6, 4, 93), (6, 2, 23), (6, 1, 66), (6, 5, 37), (6, 3, 70), (6, 8, 47), (7, 2, 75), (7, 3, 92), (7, 0, 66), (7, 1, 16), (8, 3, 95), (8, 2, 45), (8, 0, 41), (8, 4, 52), (8, 6, 47), (8, 1, 40), (8, 5, 58)]"
tsp_brute_force,2.2419180870056152,"[0, 2, 7, 8, 3, 4, 5, 6, 1, 0]",180,9,64.0,72,"[(0, 1, 9), (0, 2, 15), (0, 3, 49), (0, 4, 96), (0, 5, 37), (0, 6, 31), (0, 7, 36), (0, 8, 48), (1, 0, 9), (1, 2, 96), (1, 3, 34), (1, 4, 85), (1, 5, 50), (1, 6, 92), (1, 7, 59), (1, 8, 10), (2, 0, 15), (2, 1, 96), (2, 3, 88), (2, 4, 50), (2, 5, 34), (2, 6, 77), (2, 7, 52), (2, 8, 88), (3, 0, 3), (3, 1, 18), (3, 2, 38), (3, 4, 5), (3, 5, 93), (3, 6, 70), (3, 7, 52), (3, 8, 15), (4, 0, 96), (4, 1, 85), (4, 2, 50), (4, 3, 52), (4, 5, 40), (4, 6, 36), (4, 7, 54), (4, 8, 23), (5, 0, 37), (5, 1, 50), (5, 2, 34), (5, 3, 93), (5, 4, 40), (5, 6, 7), (5, 7, 63), (5, 8, 94), (6, 0, 31), (6, 1, 9), (6, 2, 77), (6, 3, 70), (6, 4, 36), (6, 5, 53), (6, 7, 77), (6, 8, 22), (7, 0, 36), (7, 1, 59), (7, 2, 52), (7, 3, 52), (7, 4, 54), (7, 5, 63), (7, 6, 77), (7, 8, 28), (8, 0, 13), (8, 1, 10), (8, 2, 88), (8, 3, 15), (8, 4, 23), (8, 5, 94), (8, 6, 22), (8, 7, 28)]"
tsp_brute_force,0.33672285079956055,,inf,9,14.222222222222221,16,"[(0, 4, 89), (0, 5, 85), (1, 3, 50), (1, 8, 69), (1, 4, 42), (2, 3, 86), (3, 2, 86), (3, 1, 50), (4, 1, 42), (4, 0, 89), (5, 0, 85), (5, 6, 32), (5, 7, 21), (6, 5, 32), (7, 5, 21), (8, 1, 69)]"
tsp_brute_force,0.766815185546875,"[0, 1, 2, 5, 8, 4, 6, 3, 7, 0]",193,9,44.44444444444444,50,"[(0, 1, 12), (0, 2, 70), (0, 8, 15), (0, 4, 69), (0, 3, 58), (0, 7, 25), (1, 0, 12), (1, 4, 54), (1, 7, 10), (1, 8, 70), (1, 2, 42), (1, 6, 38), (2, 0, 70), (2, 7, 32), (2, 5, 24), (2, 1, 42), (2, 8, 30), (2, 3, 94), (3, 7, 17), (3, 2, 94), (3, 0, 99), (3, 6, 35), (4, 1, 84), (4, 5, 46), (4, 6, 5), (4, 8, 14), (4, 0, 69), (5, 8, 19), (5, 4, 46), (5, 2, 24), (5, 7, 66), (6, 8, 45), (6, 4, 5), (6, 7, 94), (6, 3, 35), (6, 1, 11), (7, 3, 17), (7, 8, 53), (7, 2, 42), (7, 1, 10), (7, 6, 94), (7, 5, 66), (7, 0, 25), (8, 7, 53), (8, 5, 19), (8, 0, 15), (8, 1, 70), (8, 6, 45), (8, 4, 14), (8, 2, 30)]"
tsp_brute_force,2.220590829849243,"[0, 3, 4, 7, 6, 2, 5, 8, 1, 0]",200,9,64.0,72,"[(0, 1, 6), (0, 2, 20), (0, 3, 16), (0, 4, 66), (0, 5, 32), (0, 6, 64), (0, 7, 44), (0, 8, 47), (1, 0, 6), (1, 2, 82), (1, 3, 86), (1, 4, 92), (1, 5, 51), (1, 6, 9), (1, 7, 35), (1, 8, 35), (2, 0, 24), (2, 1, 52), (2, 3, 62), (2, 4, 81), (2, 5, 24), (2, 6, 27), (2, 7, 49), (2, 8, 85), (3, 0, 59), (3, 1, 86), (3, 2, 47), (3, 4, 36), (3, 5, 63), (3, 6, 11), (3, 7, 71), (3, 8, 69), (4, 0, 66), (4, 1, 92), (4, 2, 81), (4, 3, 36), (4, 5, 59), (4, 6, 47), (4, 7, 23), (4, 8, 44), (5, 0, 32), (5, 1, 51), (5, 2, 27), (5, 3, 63), (5, 4, 53), (5, 6, 79), (5, 7, 65), (5, 8, 45), (6, 0, 64), (6, 1, 9), (6, 2, 11), (6, 3, 11), (6, 4, 47), (6, 5, 79), (6, 7, 4), (6, 8, 57), (7, 0, 44), (7, 1, 35), (7, 2, 49), (7, 3, 71), (7, 4, 23), (7, 5, 30), (7, 6, 4), (7, 8, 68), (8, 0, 15), (8, 1, 35), (8, 2, 85), (8, 3, 69), (8, 4, 44), (8, 5, 45), (8, 6, 57), (8, 7, 68)]"
tsp_brute_force,0.34075212478637695,,inf,9,14.222222222222221,16,"[(0, 2, 56), (0, 3, 81), (0, 7, 61), (1, 5, 64), (1, 8, 90), (2, 5, 81), (2, 6, 71), (2, 0, 56), (3, 0, 81), (4, 6, 47), (5, 2, 81), (5, 1, 82), (6, 2, 95), (6, 4, 47), (7, 0, 61), (8, 1, 90)]"
tsp_brute_force,1.0693747997283936,"[0, 8, 2, 6, 7, 1, 3, 4, 5, 0]",274,9,51.55555555555556,58,"[(0, 2, 51), (0, 1, 80), (0, 8, 30), (0, 3, 31), (0, 7, 76), (0, 5, 11), (0, 6, 29), (0, 4, 34), (1, 0, 80), (1, 7, 79), (1, 3, 28), (1, 5, 37), (1, 8, 65), (1, 2, 77), (2, 0, 51), (2, 4, 83), (2, 3, 41), (2, 6, 22), (2, 8, 40), (2, 1, 77), (2, 7, 78), (3, 1, 40), (3, 2, 41), (3, 0, 31), (3, 5, 60), (3, 6, 11), (3, 4, 38), (4, 5, 1), (4, 8, 79), (4, 2, 83), (4, 6, 13), (4, 3, 38), (4, 0, 34), (5, 6, 75), (5, 7, 79), (5, 8, 71), (5, 4, 1), (5, 1, 75), (5, 3, 60), (5, 0, 11), (6, 5, 75), (6, 3, 11), (6, 2, 22), (6, 7, 42), (6, 4, 75), (6, 0, 74), (7, 5, 79), (7, 1, 79), (7, 0, 76), (7, 6, 42), (7, 8, 79), (7, 2, 78), (8, 5, 71), (8, 4, 79), (8, 0, 30), (8, 1, 65), (8, 2, 23), (8, 7, 79)]"
tsp_brute_force,2.218111276626587,"[0, 6, 8, 2, 3, 7, 4, 5, 1, 0]",198,9,64.0,72,"[(0, 1, 45), (0, 2, 31), (0, 3, 89), (0, 4, 41), (0, 5, 34), (0, 6, 47), (0, 7, 9), (0, 8, 99), (1, 0, 24), (1, 2, 64), (1, 3, 79), (1, 4, 51), (1, 5, 27), (1, 6, 99), (1, 7, 59), (1, 8, 19), (2, 0, 31), (2, 1, 64), (2, 3, 37), (2, 4, 34), (2, 5, 34), (2, 6, 70), (2, 7, 93), (2, 8, 19), (3, 0, 89), (3, 1, 79), (3, 2, 37), (3, 4, 82), (3, 5, 54), (3, 6, 96), (3, 7, 14), (3, 8, 55), (4, 0, 41), (4, 1, 51), (4, 2, 34), (4, 3, 82), (4, 5, 10), (4, 6, 45), (4, 7, 37), (4, 8, 33), (5, 0, 34), (5, 1, 27), (5, 2, 38), (5, 3, 54), (5, 4, 10), (5, 6, 54), (5, 7, 57), (5, 8, 64), (6, 0, 47), (6, 1, 99), (6, 2, 100), (6, 3, 96), (6, 4, 45), (6, 5, 54), (6, 7, 75), (6, 8, 17), (7, 0, 9), (7, 1, 59), (7, 2, 93), (7, 3, 14), (7, 4, 3), (7, 5, 57), (7, 6, 75), (7, 8, 66), (8, 0, 99), (8, 1, 21), (8, 2, 19), (8, 3, 55), (8, 4, 33), (8, 5, 64), (8, 6, 17), (8, 7, 10)]"
tsp_brute_force,0.3372783660888672,,inf,9,14.222222222222221,16,"[(0, 6, 45), (1, 2, 20), (2, 3, 24), (2, 1, 20), (3, 7, 3), (3, 2, 24), (4, 5, 33), (4, 8, 24), (5, 7, 60), (5, 4, 33), (6, 8, 67), (6, 0, 45), (7, 3, 3), (7, 5, 60), (8, 4, 24), (8, 6, 67)]"
tsp_brute_force,1.0544953346252441,"[0, 2, 5, 3, 4, 1, 7, 6, 8, 0]",239,9,51.55555555555556,58,"[(0, 1, 34), (0, 7, 40), (0, 3, 61), (0, 8, 9), (0, 2, 8), (1, 0, 34), (1, 4, 17), (1, 8, 96), (1, 5, 77), (1, 2, 79), (1, 6, 56), (1, 3, 15), (1, 7, 10), (2, 7, 61), (2, 8, 38), (2, 1, 79), (2, 6, 46), (2, 4, 31), (2, 0, 8), (2, 5, 65), (3, 5, 70), (3, 4, 1), (3, 1, 15), (3, 0, 61), (3, 6, 21), (3, 8, 64), (4, 1, 17), (4, 8, 42), (4, 6, 48), (4, 3, 1), (4, 2, 31), (4, 7, 19), (5, 1, 77), (5, 3, 70), (5, 7, 91), (5, 6, 53), (5, 2, 65), (6, 7, 3), (6, 2, 46), (6, 1, 56), (6, 5, 91), (6, 4, 48), (6, 8, 56), (6, 3, 51), (7, 2, 61), (7, 0, 40), (7, 6, 3), (7, 5, 91), (7, 8, 88), (7, 4, 78), (7, 1, 70), (8, 4, 42), (8, 1, 96), (8, 2, 38), (8, 6, 56), (8, 7, 14), (8, 0, 9), (8, 3, 64)]"
tsp_brute_force,2.206207513809204,"[0, 8, 5, 7, 3, 6, 1, 2, 4, 0]",162,9,64.0,72,"[(0, 1, 57), (0, 2, 78), (0, 3, 41), (0, 4, 40), (0, 5, 82), (0, 6, 90), (0, 7, 68), (0, 8, 20), (1, 0, 29), (1, 2, 12), (1, 3, 65), (1, 4, 39), (1, 5, 42), (1, 6, 16), (1, 7, 45), (1, 8, 74), (2, 0, 78), (2, 1, 46), (2, 3, 41), (2, 4, 17), (2, 5, 60), (2, 6, 7), (2, 7, 61), (2, 8, 46), (3, 0, 43), (3, 1, 65), (3, 2, 41), (3, 4, 50), (3, 5, 28), (3, 6, 33), (3, 7, 55), (3, 8, 35), (4, 0, 40), (4, 1, 39), (4, 2, 17), (4, 3, 50), (4, 5, 57), (4, 6, 28), (4, 7, 36), (4, 8, 52), (5, 0, 82), (5, 1, 49), (5, 2, 88), (5, 3, 94), (5, 4, 57), (5, 6, 85), (5, 7, 19), (5, 8, 3), (6, 0, 90), (6, 1, 16), (6, 2, 7), (6, 3, 33), (6, 4, 28), (6, 5, 85), (6, 7, 87), (6, 8, 99), (7, 0, 68), (7, 1, 45), (7, 2, 78), (7, 3, 2), (7, 4, 36), (7, 5, 19), (7, 6, 87), (7, 8, 6), (8, 0, 20), (8, 1, 74), (8, 2, 46), (8, 3, 35), (8, 4, 52), (8, 5, 3), (8, 6, 99), (8, 7, 95)]"
tsp_brute_force,0.3412468433380127,,inf,9,14.222222222222221,16,"[(0, 2, 36), (0, 3, 46), (1, 3, 61), (1, 6, 88), (2, 8, 10), (2, 0, 36), (2, 7, 68), (3, 0, 46), (3, 1, 61), (3, 4, 16), (4, 3, 16), (5, 6, 19), (6, 1, 88), (6, 5, 19), (7, 2, 68), (8, 2, 10)]"
tsp_brute_force,0.9706709384918213,"[0, 2, 1, 7, 3, 6, 8, 5, 4, 0]",274,9,49.77777777777778,56,"[(0, 6, 53), (0, 1, 5), (0, 7, 76), (0, 2, 39), (0, 4, 11), (0, 5, 15), (1, 2, 99), (1, 6, 51), (1, 0, 5), (1, 7, 18), (1, 4, 29), (1, 8, 22), (1, 5, 17), (2, 1, 3), (2, 0, 88), (2, 7, 58), (2, 4, 71), (2, 8, 55), (3, 6, 36), (3, 7, 58), (3, 4, 79), (3, 5, 55), (4, 7, 64), (4, 3, 55), (4, 8, 78), (4, 5, 28), (4, 1, 99), (4, 0, 11), (4, 6, 92), (4, 2, 71), (5, 8, 56), (5, 7, 47), (5, 4, 28), (5, 0, 15), (5, 1, 17), (5, 3, 55), (6, 0, 53), (6, 1, 51), (6, 8, 50), (6, 3, 36), (6, 7, 52), (6, 4, 92), (7, 4, 64), (7, 0, 76), (7, 3, 58), (7, 8, 77), (7, 5, 47), (7, 1, 18), (7, 6, 35), (7, 2, 58), (8, 6, 69), (8, 5, 31), (8, 7, 77), (8, 4, 78), (8, 1, 22), (8, 2, 55)]"
tsp_brute_force,2.2389426231384277,"[0, 8, 3, 4, 1, 5, 6, 7, 2, 0]",248,9,64.0,72,"[(0, 1, 41), (0, 2, 8), (0, 3, 94), (0, 4, 67), (0, 5, 50), (0, 6, 80), (0, 7, 76), (0, 8, 5), (1, 0, 41), (1, 2, 62), (1, 3, 44), (1, 4, 49), (1, 5, 21), (1, 6, 56), (1, 7, 78), (1, 8, 53), (2, 0, 8), (2, 1, 62), (2, 3, 71), (2, 4, 62), (2, 5, 35), (2, 6, 36), (2, 7, 44), (2, 8, 35), (3, 0, 94), (3, 1, 44), (3, 2, 71), (3, 4, 17), (3, 5, 38), (3, 6, 62), (3, 7, 67), (3, 8, 8), (4, 0, 67), (4, 1, 49), (4, 2, 62), (4, 3, 17), (4, 5, 43), (4, 6, 86), (4, 7, 100), (4, 8, 42), (5, 0, 50), (5, 1, 21), (5, 2, 35), (5, 3, 38), (5, 4, 43), (5, 6, 40), (5, 7, 78), (5, 8, 92), (6, 0, 80), (6, 1, 5), (6, 2, 36), (6, 3, 62), (6, 4, 72), (6, 5, 40), (6, 7, 56), (6, 8, 88), (7, 0, 76), (7, 1, 78), (7, 2, 44), (7, 3, 67), (7, 4, 100), (7, 5, 78), (7, 6, 87), (7, 8, 97), (8, 0, 99), (8, 1, 7), (8, 2, 35), (8, 3, 8), (8, 4, 42), (8, 5, 92), (8, 6, 88), (8, 7, 97)]"
tsp_brute_force,0.34918212890625,,inf,9,14.222222222222221,16,"[(0, 1, 83), (1, 4, 32), (1, 6, 61), (1, 2, 38), (1, 0, 83), (2, 1, 38), (3, 6, 73), (4, 5, 41), (4, 1, 32), (4, 8, 15), (5, 4, 41), (6, 1, 18), (6, 3, 42), (6, 7, 62), (7, 6, 62), (8, 4, 15)]"
tsp_brute_force,0.9676949977874756,"[0, 7, 5, 8, 2, 1, 6, 4, 3, 0]",266,9,49.77777777777778,56,"[(0, 5, 57), (0, 2, 16), (0, 6, 80), (0, 8, 43), (0, 3, 6), (0, 7, 60), (0, 1, 50), (1, 6, 50), (1, 8, 97), (1, 4, 33), (1, 3, 56), (1, 5, 20), (1, 0, 50), (1, 2, 61), (2, 6, 95), (2, 8, 30), (2, 0, 16), (2, 4, 80), (2, 3, 44), (2, 1, 34), (2, 7, 99), (2, 5, 82), (3, 5, 71), (3, 1, 56), (3, 2, 44), (3, 0, 6), (3, 4, 28), (4, 1, 33), (4, 2, 80), (4, 6, 53), (4, 3, 28), (4, 5, 34), (4, 8, 76), (5, 0, 57), (5, 6, 1), (5, 3, 71), (5, 8, 4), (5, 1, 20), (5, 4, 34), (5, 2, 3), (5, 7, 33), (6, 1, 50), (6, 5, 1), (6, 2, 95), (6, 4, 11), (6, 0, 80), (6, 8, 54), (7, 0, 60), (7, 2, 99), (7, 5, 43), (8, 1, 97), (8, 2, 30), (8, 0, 43), (8, 5, 4), (8, 6, 89), (8, 4, 76)]"
tsp_brute_force,2.2047171592712402,"[0, 4, 2, 8, 1, 5, 7, 3, 6, 0]",209,9,64.0,72,"[(0, 1, 95), (0, 2, 100), (0, 3, 79), (0, 4, 34), (0, 5, 51), (0, 6, 11), (0, 7, 64), (0, 8, 74), (1, 0, 95), (1, 2, 51), (1, 3, 70), (1, 4, 46), (1, 5, 41), (1, 6, 50), (1, 7, 43), (1, 8, 24), (2, 0, 100), (2, 1, 51), (2, 3, 62), (2, 4, 4), (2, 5, 67), (2, 6, 79), (2, 7, 9), (2, 8, 5), (3, 0, 79), (3, 1, 70), (3, 2, 62), (3, 4, 68), (3, 5, 52), (3, 6, 50), (3, 7, 33), (3, 8, 64), (4, 0, 34), (4, 1, 46), (4, 2, 4), (4, 3, 68), (4, 5, 29), (4, 6, 80), (4, 7, 12), (4, 8, 38), (5, 0, 51), (5, 1, 41), (5, 2, 96), (5, 3, 52), (5, 4, 29), (5, 6, 44), (5, 7, 7), (5, 8, 98), (6, 0, 11), (6, 1, 50), (6, 2, 79), (6, 3, 50), (6, 4, 80), (6, 5, 44), (6, 7, 92), (6, 8, 47), (7, 0, 64), (7, 1, 43), (7, 2, 62), (7, 3, 33), (7, 4, 12), (7, 5, 7), (7, 6, 92), (7, 8, 9), (8, 0, 74), (8, 1, 24), (8, 2, 5), (8, 3, 64), (8, 4, 38), (8, 5, 74), (8, 6, 42), (8, 7, 9)]"
tsp_brute_force,0.34273338317871094,,inf,9,14.222222222222221,16,"[(0, 2, 92), (0, 5, 63), (1, 2, 97), (2, 0, 92), (2, 1, 97), (3, 6, 82), (4, 5, 36), (4, 6, 42), (5, 0, 63), (5, 4, 36), (6, 4, 42), (6, 3, 98), (6, 8, 62), (7, 8, 83), (8, 6, 62), (8, 7, 83)]"
tsp_brute_force,1.0093591213226318,"[0, 3, 1, 6, 2, 8, 4, 5, 7, 0]",246,9,49.77777777777778,56,"[(0, 5, 46), (0, 8, 62), (0, 6, 22), (0, 1, 51), (0, 7, 4), (0, 4, 40), (0, 3, 25), (1, 5, 75), (1, 6, 59), (1, 4, 99), (1, 0, 51), (1, 8, 74), (1, 3, 67), (2, 6, 77), (2, 4, 90), (2, 8, 59), (2, 3, 97), (2, 7, 55), (3, 6, 78), (3, 7, 24), (3, 2, 97), (3, 4, 97), (3, 0, 25), (3, 1, 1), (4, 2, 90), (4, 5, 64), (4, 1, 11), (4, 3, 97), (4, 8, 1), (4, 0, 40), (5, 0, 84), (5, 1, 35), (5, 6, 55), (5, 4, 64), (5, 7, 20), (5, 8, 65), (6, 2, 13), (6, 7, 45), (6, 5, 55), (6, 3, 43), (6, 1, 59), (6, 0, 22), (6, 8, 19), (7, 6, 45), (7, 8, 41), (7, 3, 24), (7, 5, 20), (7, 2, 18), (7, 0, 4), (8, 7, 41), (8, 2, 59), (8, 0, 62), (8, 5, 65), (8, 4, 1), (8, 1, 74), (8, 6, 19)]"
tsp_brute_force,2.2136449813842773,"[0, 1, 2, 3, 7, 8, 4, 6, 5, 0]",220,9,64.0,72,"[(0, 1, 17), (0, 2, 70), (0, 3, 84), (0, 4, 63), (0, 5, 80), (0, 6, 83), (0, 7, 75), (0, 8, 74), (1, 0, 17), (1, 2, 4), (1, 3, 60), (1, 4, 71), (1, 5, 14), (1, 6, 11), (1, 7, 93), (1, 8, 46), (2, 0, 70), (2, 1, 4), (2, 3, 5), (2, 4, 35), (2, 5, 100), (2, 6, 57), (2, 7, 36), (2, 8, 64), (3, 0, 84), (3, 1, 60), (3, 2, 5), (3, 4, 47), (3, 5, 87), (3, 6, 76), (3, 7, 38), (3, 8, 97), (4, 0, 63), (4, 1, 71), (4, 2, 35), (4, 3, 47), (4, 5, 84), (4, 6, 33), (4, 7, 48), (4, 8, 20), (5, 0, 45), (5, 1, 14), (5, 2, 100), (5, 3, 87), (5, 4, 16), (5, 6, 38), (5, 7, 10), (5, 8, 70), (6, 0, 83), (6, 1, 11), (6, 2, 57), (6, 3, 76), (6, 4, 33), (6, 5, 38), (6, 7, 27), (6, 8, 70), (7, 0, 89), (7, 1, 93), (7, 2, 36), (7, 3, 38), (7, 4, 44), (7, 5, 10), (7, 6, 27), (7, 8, 20), (8, 0, 74), (8, 1, 14), (8, 2, 64), (8, 3, 88), (8, 4, 20), (8, 5, 88), (8, 6, 70), (8, 7, 20)]"
tsp_brute_force,3.3038530349731445,,inf,10,16.2,18,"[(0, 4, 44), (1, 6, 43), (1, 9, 36), (2, 6, 11), (3, 4, 23), (4, 9, 5), (4, 7, 16), (4, 0, 44), (4, 3, 23), (5, 6, 98), (6, 5, 98), (6, 1, 43), (6, 2, 11), (7, 4, 16), (8, 9, 34), (9, 1, 36), (9, 4, 5), (9, 8, 16)]"
tsp_brute_force,10.767188549041748,"[0, 5, 8, 6, 9, 2, 4, 7, 1, 3, 0]",193,10,64.8,72,"[(0, 5, 37), (0, 3, 33), (0, 2, 72), (0, 1, 85), (0, 7, 86), (0, 8, 81), (0, 6, 63), (0, 9, 77), (1, 5, 94), (1, 0, 85), (1, 4, 93), (1, 3, 15), (1, 7, 78), (1, 8, 43), (1, 9, 25), (2, 5, 79), (2, 0, 54), (2, 9, 53), (2, 4, 1), (2, 3, 17), (2, 6, 50), (2, 7, 27), (3, 7, 51), (3, 0, 33), (3, 1, 15), (3, 6, 2), (3, 4, 86), (3, 9, 62), (3, 2, 17), (3, 5, 25), (4, 7, 28), (4, 1, 93), (4, 9, 26), (4, 3, 86), (4, 2, 1), (4, 5, 91), (5, 2, 68), (5, 1, 94), (5, 0, 37), (5, 7, 9), (5, 9, 100), (5, 4, 91), (5, 6, 78), (5, 3, 44), (5, 8, 15), (6, 7, 37), (6, 3, 2), (6, 0, 63), (6, 9, 17), (6, 8, 13), (6, 5, 78), (6, 2, 50), (7, 3, 51), (7, 4, 28), (7, 6, 37), (7, 5, 9), (7, 0, 86), (7, 9, 43), (7, 1, 17), (7, 2, 27), (8, 0, 81), (8, 6, 13), (8, 1, 43), (8, 5, 15), (9, 4, 26), (9, 6, 17), (9, 7, 43), (9, 3, 80), (9, 2, 17), (9, 5, 100), (9, 0, 77), (9, 1, 45)]"
tsp_brute_force,24.34512162208557,"[0, 4, 1, 9, 8, 5, 2, 7, 6, 3, 0]",164,10,81.0,90,"[(0, 1, 70), (0, 2, 91), (0, 3, 7), (0, 4, 19), (0, 5, 62), (0, 6, 7), (0, 7, 34), (0, 8, 56), (0, 9, 78), (1, 0, 12), (1, 2, 100), (1, 3, 76), (1, 4, 65), (1, 5, 80), (1, 6, 80), (1, 7, 98), (1, 8, 51), (1, 9, 8), (2, 0, 91), (2, 1, 100), (2, 3, 34), (2, 4, 43), (2, 5, 3), (2, 6, 94), (2, 7, 38), (2, 8, 23), (2, 9, 26), (3, 0, 7), (3, 1, 76), (3, 2, 34), (3, 4, 82), (3, 5, 42), (3, 6, 32), (3, 7, 100), (3, 8, 31), (3, 9, 75), (4, 0, 19), (4, 1, 9), (4, 2, 43), (4, 3, 82), (4, 5, 68), (4, 6, 92), (4, 7, 52), (4, 8, 48), (4, 9, 48), (5, 0, 62), (5, 1, 80), (5, 2, 3), (5, 3, 42), (5, 4, 68), (5, 6, 54), (5, 7, 33), (5, 8, 13), (5, 9, 19), (6, 0, 42), (6, 1, 28), (6, 2, 94), (6, 3, 32), (6, 4, 92), (6, 5, 98), (6, 7, 78), (6, 8, 52), (6, 9, 32), (7, 0, 34), (7, 1, 98), (7, 2, 38), (7, 3, 100), (7, 4, 52), (7, 5, 33), (7, 6, 3), (7, 8, 83), (7, 9, 71), (8, 0, 98), (8, 1, 51), (8, 2, 23), (8, 3, 31), (8, 4, 48), (8, 5, 13), (8, 6, 52), (8, 7, 83), (8, 9, 32), (9, 0, 78), (9, 1, 8), (9, 2, 26), (9, 3, 85), (9, 4, 48), (9, 5, 47), (9, 6, 32), (9, 7, 71), (9, 8, 32)]"
tsp_brute_force,3.2959232330322266,,inf,10,16.2,18,"[(0, 7, 75), (0, 6, 74), (1, 6, 39), (1, 3, 76), (2, 5, 25), (3, 1, 76), (3, 5, 11), (3, 8, 20), (4, 7, 49), (5, 3, 40), (5, 2, 95), (6, 0, 74), (6, 9, 60), (6, 1, 39), (7, 0, 75), (7, 4, 49), (8, 3, 20), (9, 6, 60)]"
tsp_brute_force,10.769143342971802,"[0, 4, 8, 9, 5, 6, 7, 1, 2, 3, 0]",291,10,64.8,72,"[(0, 7, 84), (0, 1, 88), (0, 3, 28), (0, 9, 88), (0, 5, 36), (0, 4, 41), (1, 0, 88), (1, 7, 42), (1, 4, 75), (1, 9, 40), (1, 3, 30), (1, 2, 27), (1, 5, 79), (2, 7, 34), (2, 1, 27), (2, 5, 37), (2, 3, 7), (2, 6, 77), (2, 4, 30), (3, 7, 30), (3, 8, 28), (3, 0, 28), (3, 1, 30), (3, 2, 7), (3, 4, 84), (3, 5, 2), (3, 6, 45), (4, 5, 5), (4, 6, 61), (4, 1, 75), (4, 8, 48), (4, 9, 27), (4, 0, 41), (4, 3, 35), (4, 7, 70), (4, 2, 30), (5, 4, 40), (5, 9, 13), (5, 6, 25), (5, 0, 62), (5, 2, 37), (5, 8, 44), (5, 1, 79), (5, 3, 2), (5, 7, 63), (6, 4, 61), (6, 5, 25), (6, 9, 76), (6, 2, 77), (6, 3, 45), (6, 8, 74), (6, 7, 6), (7, 3, 30), (7, 2, 34), (7, 0, 84), (7, 9, 59), (7, 1, 42), (7, 5, 63), (7, 4, 70), (7, 6, 6), (8, 3, 28), (8, 9, 66), (8, 4, 48), (8, 5, 88), (8, 6, 74), (9, 7, 59), (9, 8, 66), (9, 5, 1), (9, 0, 88), (9, 1, 40), (9, 4, 27), (9, 6, 76)]"
tsp_brute_force,24.193371534347534,"[0, 3, 8, 2, 6, 9, 4, 7, 5, 1, 0]",243,10,81.0,90,"[(0, 1, 91), (0, 2, 73), (0, 3, 20), (0, 4, 89), (0, 5, 37), (0, 6, 37), (0, 7, 86), (0, 8, 51), (0, 9, 79), (1, 0, 12), (1, 2, 66), (1, 3, 21), (1, 4, 78), (1, 5, 10), (1, 6, 76), (1, 7, 81), (1, 8, 52), (1, 9, 80), (2, 0, 74), (2, 1, 66), (2, 3, 31), (2, 4, 20), (2, 5, 95), (2, 6, 27), (2, 7, 93), (2, 8, 48), (2, 9, 58), (3, 0, 49), (3, 1, 20), (3, 2, 31), (3, 4, 29), (3, 5, 4), (3, 6, 1), (3, 7, 56), (3, 8, 2), (3, 9, 72), (4, 0, 89), (4, 1, 78), (4, 2, 20), (4, 3, 29), (4, 5, 17), (4, 6, 15), (4, 7, 25), (4, 8, 95), (4, 9, 28), (5, 0, 37), (5, 1, 10), (5, 2, 96), (5, 3, 4), (5, 4, 17), (5, 6, 34), (5, 7, 45), (5, 8, 22), (5, 9, 66), (6, 0, 37), (6, 1, 76), (6, 2, 17), (6, 3, 1), (6, 4, 16), (6, 5, 34), (6, 7, 52), (6, 8, 66), (6, 9, 26), (7, 0, 86), (7, 1, 43), (7, 2, 93), (7, 3, 56), (7, 4, 25), (7, 5, 45), (7, 6, 52), (7, 8, 90), (7, 9, 67), (8, 0, 36), (8, 1, 52), (8, 2, 48), (8, 3, 2), (8, 4, 95), (8, 5, 22), (8, 6, 66), (8, 7, 90), (8, 9, 97), (9, 0, 79), (9, 1, 80), (9, 2, 58), (9, 3, 83), (9, 4, 28), (9, 5, 94), (9, 6, 26), (9, 7, 67), (9, 8, 95)]"
tsp_brute_force,3.3510067462921143,,inf,10,16.2,18,"[(0, 7, 40), (0, 1, 72), (1, 0, 72), (1, 9, 100), (2, 9, 19), (3, 8, 85), (3, 6, 23), (4, 9, 95), (5, 7, 27), (6, 3, 23), (7, 8, 35), (7, 0, 40), (7, 5, 57), (8, 7, 35), (8, 3, 85), (9, 1, 100), (9, 4, 95), (9, 2, 19)]"
tsp_brute_force,8.19738507270813,"[0, 5, 3, 2, 9, 1, 6, 4, 8, 7, 0]",339,10,57.6,64,"[(0, 1, 76), (0, 6, 58), (0, 2, 90), (0, 7, 99), (0, 8, 91), (0, 5, 6), (1, 0, 76), (1, 7, 92), (1, 2, 97), (1, 5, 73), (1, 3, 85), (1, 9, 30), (1, 6, 19), (2, 8, 31), (2, 4, 84), (2, 0, 90), (2, 1, 97), (2, 3, 49), (2, 7, 77), (2, 5, 47), (2, 6, 59), (2, 9, 8), (3, 6, 79), (3, 7, 84), (3, 2, 49), (3, 1, 85), (3, 8, 66), (3, 5, 12), (4, 5, 64), (4, 2, 84), (4, 6, 54), (4, 9, 84), (4, 8, 49), (5, 7, 69), (5, 4, 64), (5, 6, 75), (5, 1, 73), (5, 2, 83), (5, 3, 12), (5, 0, 6), (6, 7, 53), (6, 0, 46), (6, 3, 79), (6, 4, 54), (6, 5, 75), (6, 2, 59), (6, 1, 19), (7, 6, 53), (7, 5, 69), (7, 8, 13), (7, 1, 98), (7, 0, 99), (7, 3, 80), (7, 2, 77), (7, 9, 92), (8, 2, 31), (8, 7, 13), (8, 0, 82), (8, 3, 7), (8, 4, 49), (9, 1, 30), (9, 4, 84), (9, 7, 92), (9, 2, 8)]"
tsp_brute_force,24.634812831878662,"[0, 3, 9, 4, 1, 8, 2, 6, 5, 7, 0]",219,10,81.0,90,"[(0, 1, 59), (0, 2, 69), (0, 3, 11), (0, 4, 48), (0, 5, 85), (0, 6, 80), (0, 7, 26), (0, 8, 62), (0, 9, 42), (1, 0, 59), (1, 2, 27), (1, 3, 92), (1, 4, 10), (1, 5, 90), (1, 6, 52), (1, 7, 87), (1, 8, 23), (1, 9, 69), (2, 0, 69), (2, 1, 27), (2, 3, 96), (2, 4, 15), (2, 5, 46), (2, 6, 20), (2, 7, 7), (2, 8, 5), (2, 9, 16), (3, 0, 11), (3, 1, 92), (3, 2, 96), (3, 4, 38), (3, 5, 77), (3, 6, 70), (3, 7, 82), (3, 8, 57), (3, 9, 10), (4, 0, 48), (4, 1, 10), (4, 2, 9), (4, 3, 38), (4, 5, 74), (4, 6, 93), (4, 7, 31), (4, 8, 17), (4, 9, 25), (5, 0, 85), (5, 1, 90), (5, 2, 46), (5, 3, 77), (5, 4, 74), (5, 6, 56), (5, 7, 33), (5, 8, 31), (5, 9, 72), (6, 0, 80), (6, 1, 52), (6, 2, 20), (6, 3, 70), (6, 4, 93), (6, 5, 56), (6, 7, 56), (6, 8, 65), (6, 9, 43), (7, 0, 26), (7, 1, 87), (7, 2, 7), (7, 3, 64), (7, 4, 31), (7, 5, 39), (7, 6, 56), (7, 8, 53), (7, 9, 82), (8, 0, 28), (8, 1, 23), (8, 2, 5), (8, 3, 57), (8, 4, 17), (8, 5, 31), (8, 6, 65), (8, 7, 53), (8, 9, 70), (9, 0, 42), (9, 1, 69), (9, 2, 16), (9, 3, 10), (9, 4, 25), (9, 5, 72), (9, 6, 43), (9, 7, 82), (9, 8, 64)]"
tsp_brute_force,3.33807635307312,,inf,10,16.2,18,"[(0, 3, 31), (1, 4, 63), (1, 9, 31), (2, 6, 37), (2, 8, 97), (3, 6, 39), (3, 0, 31), (4, 8, 67), (4, 5, 43), (4, 7, 53), (4, 1, 63), (5, 4, 43), (6, 3, 39), (6, 2, 37), (7, 4, 46), (8, 2, 97), (8, 4, 64), (9, 1, 31)]"
tsp_brute_force,8.673544645309448,"[0, 7, 3, 5, 2, 6, 1, 9, 8, 4, 0]",191,10,59.4,66,"[(0, 5, 42), (0, 8, 23), (0, 3, 87), (0, 7, 7), (0, 9, 38), (0, 4, 48), (0, 1, 46), (1, 4, 42), (1, 6, 25), (1, 2, 60), (1, 9, 6), (1, 7, 89), (1, 5, 96), (1, 0, 46), (2, 8, 82), (2, 7, 67), (2, 4, 33), (2, 1, 60), (2, 6, 24), (2, 5, 37), (3, 5, 35), (3, 8, 80), (3, 0, 87), (3, 7, 30), (3, 9, 59), (3, 6, 21), (4, 1, 42), (4, 8, 7), (4, 6, 93), (4, 2, 56), (4, 5, 80), (4, 0, 12), (5, 0, 43), (5, 3, 35), (5, 6, 98), (5, 2, 37), (5, 4, 80), (5, 8, 96), (5, 1, 96), (5, 9, 48), (6, 8, 72), (6, 4, 13), (6, 1, 25), (6, 5, 98), (6, 2, 24), (6, 7, 62), (6, 3, 21), (7, 2, 34), (7, 3, 30), (7, 1, 41), (7, 0, 7), (7, 6, 62), (7, 9, 49), (8, 2, 82), (8, 4, 7), (8, 6, 99), (8, 3, 80), (8, 0, 23), (8, 5, 96), (8, 9, 8), (9, 1, 6), (9, 0, 38), (9, 3, 57), (9, 7, 49), (9, 5, 48), (9, 8, 8)]"
tsp_brute_force,24.68094253540039,"[0, 9, 1, 5, 2, 3, 4, 6, 8, 7, 0]",166,10,81.0,90,"[(0, 1, 79), (0, 2, 27), (0, 3, 49), (0, 4, 30), (0, 5, 17), (0, 6, 80), (0, 7, 41), (0, 8, 34), (0, 9, 4), (1, 0, 79), (1, 2, 18), (1, 3, 23), (1, 4, 12), (1, 5, 2), (1, 6, 46), (1, 7, 41), (1, 8, 38), (1, 9, 6), (2, 0, 27), (2, 1, 18), (2, 3, 44), (2, 4, 79), (2, 5, 12), (2, 6, 95), (2, 7, 66), (2, 8, 74), (2, 9, 29), (3, 0, 75), (3, 1, 23), (3, 2, 44), (3, 4, 33), (3, 5, 83), (3, 6, 42), (3, 7, 43), (3, 8, 74), (3, 9, 72), (4, 0, 83), (4, 1, 12), (4, 2, 79), (4, 3, 33), (4, 5, 66), (4, 6, 1), (4, 7, 51), (4, 8, 51), (4, 9, 25), (5, 0, 15), (5, 1, 2), (5, 2, 12), (5, 3, 83), (5, 4, 66), (5, 6, 27), (5, 7, 66), (5, 8, 45), (5, 9, 75), (6, 0, 58), (6, 1, 46), (6, 2, 95), (6, 3, 42), (6, 4, 1), (6, 5, 27), (6, 7, 85), (6, 8, 41), (6, 9, 23), (7, 0, 13), (7, 1, 41), (7, 2, 66), (7, 3, 43), (7, 4, 51), (7, 5, 66), (7, 6, 85), (7, 8, 53), (7, 9, 31), (8, 0, 34), (8, 1, 38), (8, 2, 74), (8, 3, 74), (8, 4, 51), (8, 5, 56), (8, 6, 41), (8, 7, 10), (8, 9, 28), (9, 0, 4), (9, 1, 6), (9, 2, 39), (9, 3, 29), (9, 4, 52), (9, 5, 75), (9, 6, 85), (9, 7, 31), (9, 8, 28)]"
tsp_brute_force,3.34849214553833,,inf,10,16.2,18,"[(0, 1, 45), (1, 6, 100), (1, 0, 45), (2, 9, 80), (3, 9, 84), (3, 4, 37), (4, 3, 37), (5, 9, 56), (5, 7, 87), (6, 1, 89), (6, 9, 43), (7, 5, 87), (7, 8, 79), (8, 7, 79), (9, 6, 43), (9, 2, 80), (9, 5, 56), (9, 3, 84)]"
tsp_brute_force,9.242456436157227,"[0, 2, 3, 4, 8, 9, 7, 5, 6, 1, 0]",190,10,61.199999999999996,68,"[(0, 2, 5), (0, 4, 81), (0, 5, 78), (0, 6, 31), (0, 9, 76), (0, 1, 19), (1, 7, 16), (1, 4, 43), (1, 9, 73), (1, 3, 41), (1, 8, 25), (1, 6, 20), (1, 0, 19), (1, 5, 60), (2, 6, 4), (2, 0, 5), (2, 4, 91), (2, 5, 50), (2, 3, 19), (3, 9, 80), (3, 1, 41), (3, 2, 19), (3, 8, 48), (3, 5, 51), (3, 4, 6), (4, 1, 43), (4, 0, 74), (4, 2, 28), (4, 9, 96), (4, 6, 87), (4, 5, 45), (4, 8, 6), (4, 3, 6), (5, 9, 72), (5, 0, 78), (5, 7, 58), (5, 6, 22), (5, 2, 50), (5, 8, 51), (5, 3, 51), (5, 4, 45), (5, 1, 60), (6, 2, 15), (6, 5, 86), (6, 7, 10), (6, 8, 32), (6, 0, 31), (6, 9, 38), (6, 4, 87), (6, 1, 20), (7, 1, 40), (7, 9, 35), (7, 5, 1), (7, 6, 15), (8, 9, 57), (8, 1, 25), (8, 6, 32), (8, 3, 48), (8, 5, 51), (8, 4, 53), (9, 7, 35), (9, 5, 72), (9, 3, 80), (9, 1, 73), (9, 8, 57), (9, 4, 96), (9, 6, 38), (9, 0, 76)]"
tsp_brute_force,24.49742031097412,"[0, 9, 8, 2, 4, 3, 7, 1, 5, 6, 0]",139,10,81.0,90,"[(0, 1, 6), (0, 2, 14), (0, 3, 28), (0, 4, 57), (0, 5, 70), (0, 6, 17), (0, 7, 50), (0, 8, 31), (0, 9, 16), (1, 0, 22), (1, 2, 19), (1, 3, 85), (1, 4, 80), (1, 5, 8), (1, 6, 89), (1, 7, 17), (1, 8, 44), (1, 9, 35), (2, 0, 14), (2, 1, 19), (2, 3, 41), (2, 4, 1), (2, 5, 22), (2, 6, 60), (2, 7, 14), (2, 8, 15), (2, 9, 52), (3, 0, 28), (3, 1, 85), (3, 2, 65), (3, 4, 15), (3, 5, 94), (3, 6, 82), (3, 7, 6), (3, 8, 87), (3, 9, 40), (4, 0, 57), (4, 1, 15), (4, 2, 1), (4, 3, 26), (4, 5, 67), (4, 6, 92), (4, 7, 15), (4, 8, 62), (4, 9, 10), (5, 0, 70), (5, 1, 8), (5, 2, 22), (5, 3, 94), (5, 4, 67), (5, 6, 20), (5, 7, 50), (5, 8, 71), (5, 9, 18), (6, 0, 17), (6, 1, 89), (6, 2, 60), (6, 3, 82), (6, 4, 92), (6, 5, 20), (6, 7, 58), (6, 8, 100), (6, 9, 92), (7, 0, 50), (7, 1, 17), (7, 2, 62), (7, 3, 60), (7, 4, 15), (7, 5, 59), (7, 6, 58), (7, 8, 66), (7, 9, 48), (8, 0, 31), (8, 1, 44), (8, 2, 15), (8, 3, 43), (8, 4, 62), (8, 5, 44), (8, 6, 100), (8, 7, 92), (8, 9, 13), (9, 0, 15), (9, 1, 35), (9, 2, 23), (9, 3, 40), (9, 4, 8), (9, 5, 18), (9, 6, 92), (9, 7, 48), (9, 8, 13)]"
tsp_brute_force,3.288973569869995,,inf,10,16.2,18,"[(0, 9, 6), (0, 2, 44), (1, 5, 29), (2, 0, 44), (3, 9, 100), (4, 7, 72), (4, 5, 99), (5, 4, 36), (5, 8, 39), (5, 1, 35), (6, 9, 89), (7, 4, 72), (8, 5, 39), (8, 9, 21), (9, 8, 21), (9, 3, 100), (9, 0, 6), (9, 6, 89)]"
tsp_brute_force,11.495314836502075,"[0, 9, 8, 7, 1, 6, 5, 2, 4, 3, 0]",242,10,66.60000000000001,74,"[(0, 5, 95), (0, 7, 68), (0, 1, 66), (0, 3, 11), (0, 4, 9), (0, 6, 38), (0, 9, 14), (0, 8, 61), (1, 0, 66), (1, 8, 25), (1, 9, 36), (1, 3, 74), (1, 5, 77), (1, 7, 47), (1, 6, 4), (2, 3, 56), (2, 8, 98), (2, 6, 70), (2, 4, 36), (2, 9, 61), (2, 5, 26), (2, 7, 88), (3, 2, 46), (3, 5, 73), (3, 6, 90), (3, 0, 11), (3, 1, 74), (3, 4, 37), (3, 9, 29), (3, 7, 69), (4, 7, 67), (4, 0, 43), (4, 5, 23), (4, 6, 72), (4, 9, 80), (4, 3, 3), (4, 2, 36), (5, 0, 95), (5, 3, 73), (5, 8, 77), (5, 4, 23), (5, 6, 64), (5, 1, 77), (5, 7, 80), (5, 2, 26), (6, 3, 83), (6, 2, 70), (6, 0, 2), (6, 5, 17), (6, 4, 72), (6, 7, 73), (6, 9, 24), (6, 1, 4), (7, 0, 68), (7, 4, 67), (7, 8, 82), (7, 6, 73), (7, 5, 80), (7, 1, 47), (7, 3, 69), (7, 2, 88), (8, 2, 98), (8, 5, 77), (8, 1, 19), (8, 7, 82), (8, 0, 61), (8, 9, 2), (9, 1, 36), (9, 4, 86), (9, 0, 14), (9, 3, 47), (9, 2, 61), (9, 8, 2), (9, 6, 32)]"
tsp_brute_force,24.434449434280396,"[0, 8, 4, 9, 5, 7, 2, 3, 6, 1, 0]",251,10,81.0,90,"[(0, 1, 14), (0, 2, 27), (0, 3, 100), (0, 4, 22), (0, 5, 65), (0, 6, 97), (0, 7, 86), (0, 8, 42), (0, 9, 60), (1, 0, 18), (1, 2, 96), (1, 3, 85), (1, 4, 96), (1, 5, 60), (1, 6, 32), (1, 7, 28), (1, 8, 57), (1, 9, 53), (2, 0, 27), (2, 1, 44), (2, 3, 39), (2, 4, 81), (2, 5, 33), (2, 6, 78), (2, 7, 16), (2, 8, 80), (2, 9, 77), (3, 0, 100), (3, 1, 51), (3, 2, 39), (3, 4, 36), (3, 5, 99), (3, 6, 41), (3, 7, 31), (3, 8, 61), (3, 9, 56), (4, 0, 22), (4, 1, 96), (4, 2, 81), (4, 3, 42), (4, 5, 68), (4, 6, 51), (4, 7, 12), (4, 8, 46), (4, 9, 9), (5, 0, 65), (5, 1, 65), (5, 2, 33), (5, 3, 99), (5, 4, 68), (5, 6, 79), (5, 7, 8), (5, 8, 66), (5, 9, 15), (6, 0, 97), (6, 1, 51), (6, 2, 78), (6, 3, 87), (6, 4, 40), (6, 5, 79), (6, 7, 62), (6, 8, 65), (6, 9, 41), (7, 0, 86), (7, 1, 28), (7, 2, 16), (7, 3, 31), (7, 4, 12), (7, 5, 8), (7, 6, 64), (7, 8, 51), (7, 9, 95), (8, 0, 42), (8, 1, 57), (8, 2, 80), (8, 3, 61), (8, 4, 4), (8, 5, 66), (8, 6, 65), (8, 7, 57), (8, 9, 30), (9, 0, 60), (9, 1, 53), (9, 2, 71), (9, 3, 56), (9, 4, 9), (9, 5, 23), (9, 6, 26), (9, 7, 73), (9, 8, 30)]"
tsp_brute_force,3.3653581142425537,,inf,10,16.2,18,"[(0, 1, 67), (1, 5, 85), (1, 2, 21), (1, 7, 81), (1, 0, 67), (2, 1, 64), (2, 4, 64), (2, 8, 65), (2, 6, 57), (3, 5, 65), (4, 2, 9), (5, 3, 65), (5, 1, 85), (6, 2, 57), (7, 1, 81), (8, 2, 65), (8, 9, 12), (9, 8, 12)]"
tsp_brute_force,11.484374046325684,"[0, 8, 6, 4, 2, 1, 3, 5, 9, 7, 0]",252,10,66.60000000000001,74,"[(0, 3, 17), (0, 6, 68), (0, 4, 60), (0, 7, 23), (0, 1, 90), (0, 5, 15), (0, 8, 3), (1, 5, 40), (1, 4, 41), (1, 2, 3), (1, 0, 90), (1, 7, 37), (1, 3, 18), (1, 9, 88), (2, 7, 32), (2, 3, 23), (2, 5, 97), (2, 1, 3), (2, 9, 50), (2, 8, 99), (2, 4, 78), (3, 5, 5), (3, 9, 55), (3, 2, 77), (3, 8, 95), (3, 7, 66), (3, 0, 17), (3, 1, 18), (3, 4, 92), (4, 6, 63), (4, 1, 41), (4, 5, 65), (4, 8, 66), (4, 0, 60), (4, 9, 88), (4, 3, 92), (4, 2, 3), (5, 7, 100), (5, 1, 100), (5, 3, 11), (5, 8, 63), (5, 2, 97), (5, 4, 65), (5, 0, 15), (5, 9, 23), (6, 7, 100), (6, 4, 63), (6, 9, 96), (6, 0, 68), (6, 8, 55), (7, 6, 100), (7, 5, 100), (7, 8, 47), (7, 2, 32), (7, 3, 66), (7, 0, 23), (7, 9, 95), (7, 1, 37), (8, 7, 47), (8, 5, 63), (8, 9, 73), (8, 3, 95), (8, 4, 84), (8, 2, 99), (8, 6, 16), (8, 0, 2), (9, 6, 96), (9, 3, 55), (9, 8, 73), (9, 7, 95), (9, 2, 50), (9, 1, 88), (9, 4, 88), (9, 5, 69)]"
tsp_brute_force,24.49097228050232,"[0, 5, 2, 7, 4, 9, 3, 8, 1, 6, 0]",161,10,81.0,90,"[(0, 1, 57), (0, 2, 41), (0, 3, 1), (0, 4, 87), (0, 5, 22), (0, 6, 12), (0, 7, 24), (0, 8, 46), (0, 9, 25), (1, 0, 57), (1, 2, 27), (1, 3, 18), (1, 4, 17), (1, 5, 54), (1, 6, 32), (1, 7, 59), (1, 8, 42), (1, 9, 74), (2, 0, 41), (2, 1, 27), (2, 3, 38), (2, 4, 40), (2, 5, 62), (2, 6, 44), (2, 7, 6), (2, 8, 71), (2, 9, 73), (3, 0, 1), (3, 1, 18), (3, 2, 38), (3, 4, 62), (3, 5, 20), (3, 6, 59), (3, 7, 30), (3, 8, 40), (3, 9, 6), (4, 0, 87), (4, 1, 17), (4, 2, 40), (4, 3, 62), (4, 5, 89), (4, 6, 86), (4, 7, 16), (4, 8, 51), (4, 9, 22), (5, 0, 22), (5, 1, 54), (5, 2, 3), (5, 3, 20), (5, 4, 89), (5, 6, 46), (5, 7, 72), (5, 8, 87), (5, 9, 39), (6, 0, 12), (6, 1, 32), (6, 2, 44), (6, 3, 59), (6, 4, 65), (6, 5, 46), (6, 7, 72), (6, 8, 75), (6, 9, 78), (7, 0, 24), (7, 1, 59), (7, 2, 6), (7, 3, 30), (7, 4, 16), (7, 5, 72), (7, 6, 94), (7, 8, 76), (7, 9, 28), (8, 0, 46), (8, 1, 2), (8, 2, 71), (8, 3, 40), (8, 4, 51), (8, 5, 87), (8, 6, 23), (8, 7, 76), (8, 9, 70), (9, 0, 25), (9, 1, 74), (9, 2, 73), (9, 3, 6), (9, 4, 22), (9, 5, 39), (9, 6, 78), (9, 7, 46), (9, 8, 70)]"
tsp_brute_force,3.3683316707611084,,inf,10,16.2,18,"[(0, 2, 57), (0, 1, 33), (0, 5, 36), (1, 0, 33), (1, 8, 9), (1, 4, 89), (1, 9, 60), (2, 0, 57), (2, 7, 52), (3, 5, 53), (4, 1, 89), (5, 0, 36), (5, 6, 97), (5, 3, 53), (6, 5, 97), (7, 2, 52), (8, 1, 61), (9, 1, 60)]"
tsp_brute_force,9.926936388015747,"[0, 6, 8, 1, 4, 7, 5, 9, 3, 2, 0]",236,10,63.0,70,"[(0, 5, 94), (0, 2, 48), (0, 3, 34), (0, 1, 43), (0, 4, 23), (0, 6, 20), (0, 7, 42), (1, 7, 27), (1, 5, 27), (1, 6, 95), (1, 8, 4), (1, 0, 43), (1, 2, 88), (1, 3, 35), (1, 9, 63), (1, 4, 9), (2, 6, 96), (2, 5, 64), (2, 0, 48), (2, 3, 16), (2, 1, 88), (2, 8, 58), (3, 7, 27), (3, 2, 16), (3, 0, 34), (3, 8, 32), (3, 9, 59), (3, 1, 35), (3, 4, 94), (3, 6, 1), (4, 7, 8), (4, 9, 84), (4, 5, 33), (4, 3, 94), (4, 1, 69), (4, 0, 95), (4, 6, 99), (5, 2, 64), (5, 0, 48), (5, 1, 27), (5, 4, 33), (5, 7, 14), (5, 6, 65), (5, 9, 67), (6, 7, 99), (6, 2, 96), (6, 8, 25), (6, 9, 83), (6, 1, 95), (6, 5, 65), (6, 0, 49), (6, 3, 1), (6, 4, 99), (7, 6, 99), (7, 4, 8), (7, 3, 27), (7, 1, 27), (7, 5, 14), (7, 0, 42), (8, 6, 25), (8, 1, 2), (8, 3, 32), (8, 2, 58), (8, 9, 59), (9, 4, 49), (9, 6, 96), (9, 3, 27), (9, 1, 63), (9, 8, 59), (9, 5, 67)]"
tsp_brute_force,24.935389041900635,"[0, 1, 2, 5, 9, 3, 4, 7, 6, 8, 0]",168,10,81.0,90,"[(0, 1, 31), (0, 2, 33), (0, 3, 38), (0, 4, 44), (0, 5, 11), (0, 6, 53), (0, 7, 31), (0, 8, 17), (0, 9, 67), (1, 0, 68), (1, 2, 42), (1, 3, 35), (1, 4, 78), (1, 5, 99), (1, 6, 75), (1, 7, 65), (1, 8, 94), (1, 9, 54), (2, 0, 33), (2, 1, 40), (2, 3, 100), (2, 4, 81), (2, 5, 14), (2, 6, 29), (2, 7, 96), (2, 8, 63), (2, 9, 100), (3, 0, 90), (3, 1, 35), (3, 2, 100), (3, 4, 17), (3, 5, 24), (3, 6, 11), (3, 7, 71), (3, 8, 61), (3, 9, 2), (4, 0, 44), (4, 1, 78), (4, 2, 81), (4, 3, 17), (4, 5, 74), (4, 6, 17), (4, 7, 7), (4, 8, 79), (4, 9, 64), (5, 0, 11), (5, 1, 99), (5, 2, 13), (5, 3, 24), (5, 4, 74), (5, 6, 58), (5, 7, 16), (5, 8, 80), (5, 9, 1), (6, 0, 53), (6, 1, 75), (6, 2, 44), (6, 3, 11), (6, 4, 17), (6, 5, 58), (6, 7, 24), (6, 8, 13), (6, 9, 26), (7, 0, 31), (7, 1, 52), (7, 2, 96), (7, 3, 71), (7, 4, 7), (7, 5, 16), (7, 6, 24), (7, 8, 66), (7, 9, 27), (8, 0, 17), (8, 1, 94), (8, 2, 63), (8, 3, 29), (8, 4, 79), (8, 5, 80), (8, 6, 13), (8, 7, 66), (8, 9, 54), (9, 0, 67), (9, 1, 54), (9, 2, 100), (9, 3, 2), (9, 4, 64), (9, 5, 1), (9, 6, 26), (9, 7, 27), (9, 8, 54)]"
tsp_brute_force,3.3980932235717773,,inf,10,16.2,18,"[(0, 2, 6), (1, 3, 45), (1, 6, 8), (2, 9, 73), (2, 0, 15), (3, 8, 96), (3, 9, 15), (3, 1, 45), (4, 7, 31), (5, 8, 82), (6, 1, 8), (7, 9, 77), (7, 4, 31), (8, 5, 82), (8, 3, 96), (9, 3, 15), (9, 7, 77), (9, 2, 73)]"
tsp_brute_force,9.908584356307983,"[0, 7, 6, 9, 4, 2, 3, 5, 1, 8, 0]",152,10,63.0,70,"[(0, 6, 36), (0, 7, 37), (0, 2, 50), (0, 1, 20), (0, 3, 37), (0, 9, 38), (0, 5, 28), (0, 8, 16), (1, 8, 3), (1, 7, 91), (1, 2, 9), (1, 6, 97), (1, 5, 6), (1, 9, 53), (1, 0, 20), (1, 3, 25), (2, 3, 19), (2, 4, 16), (2, 1, 9), (2, 7, 89), (2, 0, 50), (2, 9, 87), (3, 2, 19), (3, 5, 9), (3, 4, 80), (3, 9, 99), (3, 8, 42), (3, 7, 28), (3, 0, 37), (3, 1, 25), (4, 2, 16), (4, 8, 77), (4, 3, 80), (4, 5, 61), (4, 7, 45), (4, 9, 80), (5, 9, 82), (5, 1, 6), (5, 3, 9), (5, 8, 32), (5, 6, 87), (5, 4, 61), (5, 0, 28), (6, 9, 9), (6, 1, 65), (6, 0, 62), (6, 5, 87), (6, 7, 11), (7, 1, 91), (7, 0, 37), (7, 9, 13), (7, 2, 89), (7, 3, 28), (7, 6, 11), (7, 4, 45), (8, 1, 3), (8, 4, 77), (8, 9, 83), (8, 5, 32), (8, 3, 42), (8, 0, 16), (9, 6, 63), (9, 5, 82), (9, 8, 23), (9, 7, 13), (9, 3, 99), (9, 1, 53), (9, 2, 90), (9, 0, 38), (9, 4, 26)]"
tsp_brute_force,24.36945390701294,"[0, 1, 3, 9, 2, 5, 6, 4, 8, 7, 0]",189,10,81.0,90,"[(0, 1, 19), (0, 2, 43), (0, 3, 25), (0, 4, 87), (0, 5, 30), (0, 6, 41), (0, 7, 15), (0, 8, 47), (0, 9, 43), (1, 0, 19), (1, 2, 86), (1, 3, 5), (1, 4, 47), (1, 5, 19), (1, 6, 59), (1, 7, 41), (1, 8, 57), (1, 9, 92), (2, 0, 43), (2, 1, 86), (2, 3, 97), (2, 4, 41), (2, 5, 19), (2, 6, 82), (2, 7, 20), (2, 8, 98), (2, 9, 18), (3, 0, 25), (3, 1, 5), (3, 2, 31), (3, 4, 31), (3, 5, 32), (3, 6, 82), (3, 7, 76), (3, 8, 51), (3, 9, 19), (4, 0, 87), (4, 1, 47), (4, 2, 41), (4, 3, 31), (4, 5, 54), (4, 6, 28), (4, 7, 49), (4, 8, 18), (4, 9, 83), (5, 0, 30), (5, 1, 19), (5, 2, 19), (5, 3, 32), (5, 4, 54), (5, 6, 21), (5, 7, 22), (5, 8, 43), (5, 9, 97), (6, 0, 41), (6, 1, 59), (6, 2, 6), (6, 3, 82), (6, 4, 28), (6, 5, 40), (6, 7, 88), (6, 8, 39), (6, 9, 15), (7, 0, 15), (7, 1, 41), (7, 2, 20), (7, 3, 76), (7, 4, 49), (7, 5, 22), (7, 6, 88), (7, 8, 27), (7, 9, 56), (8, 0, 47), (8, 1, 57), (8, 2, 37), (8, 3, 28), (8, 4, 33), (8, 5, 43), (8, 6, 39), (8, 7, 27), (8, 9, 82), (9, 0, 43), (9, 1, 92), (9, 2, 18), (9, 3, 19), (9, 4, 75), (9, 5, 92), (9, 6, 72), (9, 7, 56), (9, 8, 82)]"
tsp_brute_force,3.3336122035980225,,inf,10,16.2,18,"[(0, 7, 15), (1, 8, 19), (1, 2, 43), (2, 1, 43), (2, 4, 59), (3, 9, 63), (4, 2, 59), (5, 9, 58), (5, 8, 69), (6, 8, 39), (6, 7, 31), (7, 6, 31), (7, 0, 15), (8, 5, 50), (8, 6, 39), (8, 1, 19), (9, 3, 8), (9, 5, 58)]"
tsp_brute_force,9.255353450775146,"[0, 5, 6, 1, 9, 4, 8, 3, 2, 7, 0]",205,10,61.199999999999996,68,"[(0, 4, 75), (0, 6, 8), (0, 1, 14), (0, 5, 25), (0, 8, 34), (0, 7, 20), (1, 5, 73), (1, 2, 46), (1, 8, 27), (1, 0, 61), (1, 9, 1), (1, 6, 21), (1, 4, 69), (2, 1, 6), (2, 5, 65), (2, 3, 12), (2, 8, 85), (2, 4, 77), (2, 6, 79), (2, 7, 14), (2, 9, 81), (3, 7, 99), (3, 8, 94), (3, 2, 12), (3, 6, 67), (4, 8, 17), (4, 0, 75), (4, 2, 14), (4, 7, 39), (4, 5, 63), (4, 1, 36), (4, 9, 19), (5, 6, 52), (5, 1, 73), (5, 2, 65), (5, 0, 25), (5, 9, 34), (5, 4, 63), (5, 8, 68), (6, 5, 52), (6, 8, 42), (6, 0, 8), (6, 1, 21), (6, 7, 46), (6, 3, 67), (6, 2, 79), (7, 3, 45), (7, 8, 56), (7, 9, 36), (7, 4, 61), (7, 6, 46), (7, 2, 14), (7, 0, 20), (8, 4, 17), (8, 3, 20), (8, 1, 27), (8, 7, 56), (8, 6, 42), (8, 2, 85), (8, 5, 68), (8, 0, 34), (8, 9, 76), (9, 7, 36), (9, 1, 1), (9, 5, 34), (9, 4, 23), (9, 8, 76), (9, 2, 81)]"
tsp_brute_force,24.854538679122925,"[0, 2, 7, 9, 8, 6, 5, 4, 3, 1, 0]",140,10,81.0,90,"[(0, 1, 14), (0, 2, 13), (0, 3, 15), (0, 4, 53), (0, 5, 84), (0, 6, 29), (0, 7, 90), (0, 8, 57), (0, 9, 100), (1, 0, 14), (1, 2, 60), (1, 3, 5), (1, 4, 100), (1, 5, 68), (1, 6, 59), (1, 7, 36), (1, 8, 46), (1, 9, 34), (2, 0, 13), (2, 1, 66), (2, 3, 53), (2, 4, 34), (2, 5, 80), (2, 6, 33), (2, 7, 5), (2, 8, 95), (2, 9, 25), (3, 0, 15), (3, 1, 5), (3, 2, 53), (3, 4, 53), (3, 5, 39), (3, 6, 82), (3, 7, 26), (3, 8, 26), (3, 9, 26), (4, 0, 54), (4, 1, 100), (4, 2, 34), (4, 3, 53), (4, 5, 4), (4, 6, 31), (4, 7, 81), (4, 8, 72), (4, 9, 59), (5, 0, 84), (5, 1, 68), (5, 2, 80), (5, 3, 39), (5, 4, 4), (5, 6, 13), (5, 7, 56), (5, 8, 28), (5, 9, 91), (6, 0, 29), (6, 1, 59), (6, 2, 33), (6, 3, 82), (6, 4, 31), (6, 5, 13), (6, 7, 75), (6, 8, 28), (6, 9, 51), (7, 0, 90), (7, 1, 36), (7, 2, 54), (7, 3, 26), (7, 4, 81), (7, 5, 56), (7, 6, 75), (7, 8, 88), (7, 9, 3), (8, 0, 57), (8, 1, 46), (8, 2, 95), (8, 3, 98), (8, 4, 72), (8, 5, 28), (8, 6, 9), (8, 7, 88), (8, 9, 21), (9, 0, 100), (9, 1, 34), (9, 2, 25), (9, 3, 26), (9, 4, 59), (9, 5, 91), (9, 6, 14), (9, 7, 3), (9, 8, 21)]"
tsp_brute_force,3.482909679412842,,inf,10,16.2,18,"[(0, 4, 82), (0, 1, 49), (1, 0, 49), (2, 3, 8), (3, 6, 79), (3, 2, 8), (4, 9, 32), (4, 0, 82), (5, 7, 90), (5, 9, 15), (6, 9, 89), (6, 3, 79), (7, 5, 27), (8, 9, 80), (9, 5, 15), (9, 6, 89), (9, 8, 80), (9, 4, 32)]"
tsp_brute_force,10.235449314117432,"[0, 2, 7, 5, 9, 8, 6, 4, 1, 3, 0]",205,10,63.0,70,"[(0, 6, 54), (0, 4, 29), (0, 9, 43), (0, 1, 45), (0, 8, 40), (0, 2, 4), (0, 3, 29), (1, 5, 30), (1, 7, 26), (1, 2, 41), (1, 4, 30), (1, 0, 24), (1, 3, 25), (1, 6, 38), (2, 6, 38), (2, 9, 50), (2, 1, 41), (2, 3, 77), (2, 8, 87), (2, 4, 95), (2, 7, 37), (2, 0, 4), (3, 9, 72), (3, 5, 90), (3, 4, 53), (3, 2, 90), (3, 1, 100), (3, 0, 29), (4, 0, 29), (4, 7, 92), (4, 3, 53), (4, 6, 27), (4, 1, 30), (4, 2, 95), (4, 8, 21), (4, 5, 43), (5, 7, 15), (5, 1, 30), (5, 9, 11), (5, 3, 90), (5, 6, 66), (5, 8, 59), (5, 4, 43), (6, 0, 54), (6, 2, 38), (6, 7, 77), (6, 5, 55), (6, 9, 34), (6, 4, 17), (6, 8, 33), (6, 1, 38), (7, 5, 15), (7, 6, 77), (7, 4, 92), (7, 1, 74), (7, 9, 48), (7, 2, 37), (8, 5, 59), (8, 2, 87), (8, 9, 4), (8, 0, 40), (8, 4, 21), (8, 6, 33), (9, 3, 64), (9, 5, 11), (9, 0, 43), (9, 6, 34), (9, 2, 50), (9, 8, 4), (9, 7, 48)]"
tsp_brute_force,25.10353136062622,"[0, 9, 6, 3, 4, 1, 5, 2, 8, 7, 0]",216,10,81.0,90,"[(0, 1, 99), (0, 2, 99), (0, 3, 45), (0, 4, 93), (0, 5, 92), (0, 6, 55), (0, 7, 62), (0, 8, 96), (0, 9, 1), (1, 0, 25), (1, 2, 58), (1, 3, 76), (1, 4, 3), (1, 5, 24), (1, 6, 85), (1, 7, 84), (1, 8, 9), (1, 9, 62), (2, 0, 99), (2, 1, 67), (2, 3, 86), (2, 4, 69), (2, 5, 58), (2, 6, 91), (2, 7, 74), (2, 8, 51), (2, 9, 89), (3, 0, 45), (3, 1, 76), (3, 2, 77), (3, 4, 10), (3, 5, 24), (3, 6, 23), (3, 7, 30), (3, 8, 99), (3, 9, 25), (4, 0, 93), (4, 1, 23), (4, 2, 69), (4, 3, 10), (4, 5, 78), (4, 6, 74), (4, 7, 100), (4, 8, 30), (4, 9, 19), (5, 0, 92), (5, 1, 31), (5, 2, 61), (5, 3, 24), (5, 4, 47), (5, 6, 54), (5, 7, 62), (5, 8, 75), (5, 9, 73), (6, 0, 55), (6, 1, 85), (6, 2, 91), (6, 3, 23), (6, 4, 74), (6, 5, 54), (6, 7, 67), (6, 8, 54), (6, 9, 67), (7, 0, 6), (7, 1, 84), (7, 2, 74), (7, 3, 30), (7, 4, 100), (7, 5, 62), (7, 6, 90), (7, 8, 13), (7, 9, 60), (8, 0, 96), (8, 1, 9), (8, 2, 51), (8, 3, 82), (8, 4, 30), (8, 5, 75), (8, 6, 65), (8, 7, 13), (8, 9, 4), (9, 0, 1), (9, 1, 62), (9, 2, 89), (9, 3, 25), (9, 4, 19), (9, 5, 73), (9, 6, 4), (9, 7, 60), (9, 8, 4)]"
